--2026-09-06 16:33:00--  https://jazdrm.com/
Resolving jazdrm.com (jazdrm.com)... 67.20.114.128
Connecting to jazdrm.com (jazdrm.com)|67.20.114.128|:443... connected.
HTTP request sent, awaiting response... 200 OK
Length: unspecified [text/html]
Saving to: ‘index.html’

     0K .......... .......... .......... .......... ..........  123K
    50K .......... .......... .......... .......... ..........  273K
   100K .......... .......... .......... .......... .......... 2.53M
   150K .......... .......... .......... .......... ..........  284K
   200K .......... .......... ....                             7.28M=0.8s

Last-modified header missing -- time-stamps turned off.
2026-09-06 16:33:01 (285 KB/s) - ‘index.html’ saved [229528]

--2026-09-06 16:33:02--  https://jazdrm.com/wp-json/oembed/1.0/embed?url=https%3A%2F%2Fjazdrm.com%2F
Reusing existing connection to jazdrm.com:443.
HTTP request sent, awaiting response... 200 OK
Length: unspecified [application/json]
Saving to: ‘wp-json/oembed/1.0/embed?url=https:%2F%2Fjazdrm.com%2F’

     0K ..                                                     98.7M=0s

Last-modified header missing -- time-stamps turned off.
2026-09-06 16:33:03 (98.7 MB/s) - ‘wp-json/oembed/1.0/embed?url=https:%2F%2Fjazdrm.com%2F’ saved [2381]

--2026-09-06 16:33:03--  https://jazdrm.com/wp-json/oembed/1.0/embed?url=https%3A%2F%2Fjazdrm.com%2F&format=xml
Reusing existing connection to jazdrm.com:443.
HTTP request sent, awaiting response... 200 OK
Length: unspecified [text/xml]
Saving to: ‘wp-json/oembed/1.0/embed?url=https:%2F%2Fjazdrm.com%2F&format=xml’

     0K ..                                                      412M=0s

Last-modified header missing -- time-stamps turned off.
2026-09-06 16:33:05 (412 MB/s) - ‘wp-json/oembed/1.0/embed?url=https:%2F%2Fjazdrm.com%2F&format=xml’ saved [2591]

--2026-09-06 16:33:05--  https://jazdrm.com/wp-content/litespeed/css/9df5de24a019c594d80760233256c06a.css?ver=edc05
Reusing existing connection to jazdrm.com:443.
HTTP request sent, awaiting response... 200 OK
Length: 753122 (735K) [text/css]
Saving to: ‘wp-content/litespeed/css/9df5de24a019c594d80760233256c06a.css?ver=edc05.css’

     0K .......... .......... .......... .......... ..........  6% 3.40M 0s
    50K .......... .......... .......... .......... .......... 13% 33.6M 0s
   100K .......... .......... .......... .......... .......... 20% 17.6M 0s
   150K .......... .......... .......... .......... .......... 27% 53.7M 0s
   200K .......... .......... .......... .......... .......... 33%  282K 0s
   250K .......... .......... .......... .......... .......... 40%  482K 0s
   300K .......... .......... .......... .......... .......... 47% 76.7M 0s
   350K .......... .......... .......... .......... .......... 54% 15.5M 0s
   400K .......... .......... .......... .......... .......... 61% 22.8M 0s
   450K .......... .......... .......... .......... .......... 67% 68.0M 0s
   500K .......... .......... .......... .......... .......... 74% 13.0M 0s
   550K .......... .......... .......... .......... .......... 81%  103M 0s
   600K .......... .......... .......... .......... .......... 88%  518K 0s
   650K .......... .......... .......... .......... .......... 95% 59.7M 0s
   700K .......... .......... .......... .....                100% 9.34M=0.4s

2026-09-06 16:33:06 (1.74 MB/s) - ‘wp-content/litespeed/css/9df5de24a019c594d80760233256c06a.css?ver=edc05.css’ saved [753122/753122]

--2026-09-06 16:33:06--  https://jazdrm.com/wp-json/
Reusing existing connection to jazdrm.com:443.
HTTP request sent, awaiting response... 200 OK
Length: unspecified [application/json]
Saving to: ‘wp-json/index.html’

     0K .......... .......... .......... .......... .......... 97.7M
    50K .......... .......... .......... .......... .......... 55.2M
   100K .......... .......... .......... .......... .......... 38.0M
   150K .......... .......... .......... .......... .......... 26.8M
   200K .......... .......... .......... .......... ..........  110M
   250K .......... .......... .......... .......... .......... 31.8M
   300K .......... .......... .......... .......... ..........  122M
   350K .......... .......... .......... .......... .......... 59.5M
   400K .......... .......... .......... .......... .......... 24.5M
   450K .......... .......... .......... .......... .......... 19.3M
   500K .......... .......... .......... .......... ..........  150M
   550K .......... .......... .......... .......... .......... 20.1M
   600K .......... .......... .......... .......... .......... 12.5M
   650K .......... .......... .......... .......... .......... 57.4M
   700K .......... .......... .......... .......... .......... 74.8M
   750K .......... .......... .......... .......... .......... 38.3M
   800K .......... .......... .......... .......... .......... 49.7M
   850K .......... .......... .......... .......... .......... 23.7M
   900K .......... .......... .......... .......... .......... 3.13M
   950K .......... .......... .......... .......... ..........  291K
  1000K .......... .......... .......... .......... .......... 17.5M
  1050K .......... .......... .......... .......... .......... 51.2M
  1100K .......... .......... .......... .......... .......... 43.2M
  1150K .......... .......... .......... .......... .......... 8.68M
  1200K .......... .......... .......... .......... .......... 2.67M
  1250K .......... .......... .......... .......... ..........  568K
  1300K .......... .......... .......... .......... .......... 9.28M
  1350K .......... .......... .......... .......... ..........  207M
  1400K .......... .......... .......... .......... ..........  182M
  1450K .......... .......... .......... .......... .......... 40.9M
  1500K .......... .......... .......... .......... ..........  136M
  1550K .......... .......... .......... .......... .......... 23.6M
  1600K .......... .......... .......... .......... ..........  291M
  1650K .......... .......... .......... .......... .......... 92.7M
  1700K .......... .......... .......... .......... .......... 25.4M
  1750K .......... .......... .......... .......... ..........  289M
  1800K .......... .......... .......... .......... .......... 11.2M
  1850K .......... .......... .......... .......... ..........  303M
  1900K .......... .......... .......... .......... .......... 86.4M
  1950K .......... .......... .......... .......... .......... 33.5M
  2000K .......... .......... .......... .......... ..........  273M
  2050K .......... .......... .......... .......... .......... 33.5M
  2100K .......... .......... .......... .......... .......... 25.8M
  2150K .......... .......... .......... .......... .......... 16.3M
  2200K .......... .......... .......... .......... ..........  140M
  2250K .......... .......... .......... .......... .......... 33.6M
  2300K .......... .......... .......... .......... .......... 8.26M
  2350K .......... .......... .......... .......... .......... 14.1M
  2400K .......... .......... .......... .......... ..........  122M
  2450K .......... .......... .......... .......... ..........  323K
  2500K .......... .......... .......... .......... .......... 21.4M
  2550K .......... .......... .......... .......... ..........  323M
  2600K .......... .......... .......... .......... .......... 97.5M
  2650K .......... .......... .......... .......... .......... 13.4M
  2700K .......... .......... .......... .......... ..........  286M
  2750K .......... .......... .......... .......... ..........  193M
  2800K .......... .......... .......... .......... .......... 29.6M
  2850K .......... .......... .......... .......... .......... 5.37M
  2900K .......... .......... .......... .......... ..........  364M
  2950K .......... .......... .......... .......... .........  35.6M=0.5s

Last-modified header missing -- time-stamps turned off.
2026-09-06 16:33:08 (5.43 MB/s) - ‘wp-json/index.html’ saved [3071777]

--2026-09-06 16:33:08--  https://jazdrm.com/wp-json/wp/v2/pages/929
Reusing existing connection to jazdrm.com:443.
HTTP request sent, awaiting response... 200 OK
Length: unspecified [application/json]
Saving to: ‘wp-json/wp/v2/pages/929’

     0K .......... .......... .......... .......... .......... 35.3M
    50K .......... .......... .......... .......... .......... 59.0M
   100K .......... ........                                    1.63M=0.01s

Last-modified header missing -- time-stamps turned off.
2026-09-06 16:33:10 (8.73 MB/s) - ‘wp-json/wp/v2/pages/929’ saved [121323]

--2026-09-06 16:33:10--  https://jazdrm.com/xmlrpc.php?rsd
Reusing existing connection to jazdrm.com:443.
HTTP request sent, awaiting response... 200 OK
Length: 774 [text/xml]
Saving to: ‘xmlrpc.php?rsd’

     0K                                                       100%  148M=0s

Last-modified header missing -- time-stamps turned off.
2026-09-06 16:33:11 (148 MB/s) - ‘xmlrpc.php?rsd’ saved [774/774]

--2026-09-06 16:33:12--  https://jazdrm.com/en/
Reusing existing connection to jazdrm.com:443.
HTTP request sent, awaiting response... 200 OK
Length: unspecified [text/html]
Saving to: ‘en/index.html’

     0K .......... .......... .......... .......... .......... 9.08M
    50K .......... .......... .......... .......... .......... 7.79M
   100K .......... .......... .......... .......... .......... 2.40M
   150K .......... .......... .......... .......... .......... 45.7M
   200K .......... .......... ...                               105M=0.03s

Last-modified header missing -- time-stamps turned off.
2026-09-06 16:33:13 (6.55 MB/s) - ‘en/index.html’ saved [228464]

--2026-09-06 16:33:14--  https://jazdrm.com/wp-content/themes/blocksy/static/bundle/no-scripts.min.css
Reusing existing connection to jazdrm.com:443.
HTTP request sent, awaiting response... 200 OK
Length: 99 [text/css]
Saving to: ‘wp-content/themes/blocksy/static/bundle/no-scripts.min.css’

     0K                                                       100% 13.5M=0s

2026-09-06 16:33:14 (13.5 MB/s) - ‘wp-content/themes/blocksy/static/bundle/no-scripts.min.css’ saved [99/99]

--2026-09-06 16:33:14--  https://jazdrm.com/wp-content/uploads/2025/06/cropped-favicon-32x32.png
Reusing existing connection to jazdrm.com:443.
HTTP request sent, awaiting response... 200 OK
Length: 1000 [image/png]
Saving to: ‘wp-content/uploads/2025/06/cropped-favicon-32x32.png’

     0K                                                       100%  191M=0s

2026-09-06 16:33:14 (191 MB/s) - ‘wp-content/uploads/2025/06/cropped-favicon-32x32.png’ saved [1000/1000]

--2026-09-06 16:33:15--  https://jazdrm.com/wp-content/uploads/2025/06/cropped-favicon-192x192.png
Reusing existing connection to jazdrm.com:443.
HTTP request sent, awaiting response... 200 OK
Length: 3410 (3.3K) [image/png]
Saving to: ‘wp-content/uploads/2025/06/cropped-favicon-192x192.png’

     0K ...                                                   100%  650M=0s

2026-09-06 16:33:15 (650 MB/s) - ‘wp-content/uploads/2025/06/cropped-favicon-192x192.png’ saved [3410/3410]

--2026-09-06 16:33:15--  https://jazdrm.com/wp-content/uploads/2025/06/cropped-favicon-180x180.png
Reusing existing connection to jazdrm.com:443.
HTTP request sent, awaiting response... 200 OK
Length: 3127 (3.1K) [image/png]
Saving to: ‘wp-content/uploads/2025/06/cropped-favicon-180x180.png’

     0K ...                                                   100%  994M=0s

2026-09-06 16:33:15 (994 MB/s) - ‘wp-content/uploads/2025/06/cropped-favicon-180x180.png’ saved [3127/3127]

--2026-09-06 16:33:15--  https://jazdrm.com/about-us/
Reusing existing connection to jazdrm.com:443.
HTTP request sent, awaiting response... 200 OK
Length: unspecified [text/html]
Saving to: ‘about-us/index.html’

     0K .......... .......... .......... .......... .......... 36.8M
    50K .......... .......... .......... .......... .......... 39.5M
   100K .......... .......... .......... ...                   45.1M=0.003s

Last-modified header missing -- time-stamps turned off.
2026-09-06 16:33:17 (39.6 MB/s) - ‘about-us/index.html’ saved [136771]

--2026-09-06 16:33:17--  https://jazdrm.com/contact-us/
Reusing existing connection to jazdrm.com:443.
HTTP request sent, awaiting response... 200 OK
Length: unspecified [text/html]
Saving to: ‘contact-us/index.html’

     0K .......... .......... .......... .......... .......... 71.4M
    50K .......... .......... .......... .......... .......... 61.3M
   100K .......... .......... .......... .......... .......... 89.4M
   150K ...                                                    18.0M=0.002s

Last-modified header missing -- time-stamps turned off.
2026-09-06 16:33:19 (67.3 MB/s) - ‘contact-us/index.html’ saved [157459]

--2026-09-06 16:33:19--  https://jazdrm.com/service-request/
Reusing existing connection to jazdrm.com:443.
HTTP request sent, awaiting response... 200 OK
Length: unspecified [text/html]
Saving to: ‘service-request/index.html’

     0K .......... .......... .......... .......... .......... 54.1M
    50K .......... .......... .......... .......... .......... 74.4M
   100K .......                                                32.8M=0.002s

Last-modified header missing -- time-stamps turned off.
2026-09-06 16:33:20 (59.0 MB/s) - ‘service-request/index.html’ saved [109797]

--2026-09-06 16:33:20--  https://jazdrm.com/technical-support/
Reusing existing connection to jazdrm.com:443.
HTTP request sent, awaiting response... 200 OK
Length: unspecified [text/html]
Saving to: ‘technical-support/index.html’

     0K .......... .......... .......... .......... .......... 5.92M
    50K .......... .......... .......... .......... .......... 4.53M
   100K .....                                                   502K=0.03s

Last-modified header missing -- time-stamps turned off.
2026-09-06 16:33:21 (3.38 MB/s) - ‘technical-support/index.html’ saved [108322]

--2026-09-06 16:33:21--  https://jazdrm.com/job-application/
Reusing existing connection to jazdrm.com:443.
HTTP request sent, awaiting response... 200 OK
Length: unspecified [text/html]
Saving to: ‘job-application/index.html’

     0K .......... .......... .......... .......... .......... 20.3M
    50K .......... .......... .......... .......... .......... 2.82M
   100K .....                                                  12.8M=0.02s

Last-modified header missing -- time-stamps turned off.
2026-09-06 16:33:22 (5.12 MB/s) - ‘job-application/index.html’ saved [108009]

--2026-09-06 16:33:22--  https://jazdrm.com/product-category/%D8%A7%D9%84%D8%AE%D8%B2%D8%A7%D8%A6%D9%86-%D9%88%D8%A7%D9%84%D8%A3%D8%A8%D9%88%D8%A7%D8%A8-%D8%A7%D9%84%D8%A3%D9%85%D9%86%D9%8A%D8%A9/
Reusing existing connection to jazdrm.com:443.
HTTP request sent, awaiting response... 200 OK
Length: unspecified [text/html]
Saving to: ‘product-category/الخزائن-والأبواب-الأمنية/index.html’

     0K .......... .......... .......... .......... .......... 5.21M
    50K .......... .......... .......... .......... ..........  118M
   100K .......... .......... .......... .......... .......... 2.14M
   150K .......... .......... .......... .......... .......... 7.26M
   200K .......... ..                                          42.6M=0.04s

Last-modified header missing -- time-stamps turned off.
2026-09-06 16:33:23 (5.25 MB/s) - ‘product-category/الخزائن-والأبواب-الأمنية/index.html’ saved [217839]

--2026-09-06 16:33:23--  https://jazdrm.com/product-category/%D8%A3%D9%86%D8%B8%D9%85%D8%A9-%D8%A7%D9%84%D9%85%D8%B1%D8%A7%D9%82%D8%A8%D8%A9-%D9%88%D8%A7%D9%84%D8%A3%D9%85%D9%86/
Reusing existing connection to jazdrm.com:443.
HTTP request sent, awaiting response... 200 OK
Length: unspecified [text/html]
Saving to: ‘product-category/أنظمة-المراقبة-والأمن/index.html’

     0K .......... .......... .......... .......... .......... 4.07M
    50K .......... .......... .......... .......... .......... 18.7M
   100K .                                                      35.4K=0.01s

Last-modified header missing -- time-stamps turned off.
2026-09-06 16:33:24 (6.80 MB/s) - ‘product-category/أنظمة-المراقبة-والأمن/index.html’ saved [104214]

--2026-09-06 16:33:24--  https://jazdrm.com/product-category/%D8%A7%D9%84%D8%A3%D9%82%D9%81%D8%A7%D9%84-%D8%A7%D9%84%D8%A3%D9%85%D9%86%D9%8A%D8%A9/
Connecting to jazdrm.com (jazdrm.com)|67.20.114.128|:443... connected.
HTTP request sent, awaiting response... 200 OK
Length: unspecified [text/html]
Saving to: ‘product-category/الأقفال-الأمنية/index.html’

     0K .......... .......... .......... .......... ..........  131K
    50K .......... .......... .......... .......... .......     250K=0.6s

Last-modified header missing -- time-stamps turned off.
2026-09-06 16:33:27 (170 KB/s) - ‘product-category/الأقفال-الأمنية/index.html’ saved [99706]

--2026-09-06 16:33:27--  https://jazdrm.com/product/%d8%a7%d8%b3%d9%85-%d8%a7%d9%84%d9%85%d9%86%d8%aa%d8%ac-%d9%86%d8%b3%d8%ae%d8%a9-29/
Reusing existing connection to jazdrm.com:443.
HTTP request sent, awaiting response... 200 OK
Length: unspecified [text/html]
Saving to: ‘product/اسم-المنتج-نسخة-29/index.html’

     0K .......... .......... .......... .......... .......... 3.33M
    50K .......... .......... .......... .......... ..........  284K
   100K .......... .......... .......... ........              1.49M=0.2s

Last-modified header missing -- time-stamps turned off.
2026-09-06 16:33:29 (641 KB/s) - ‘product/اسم-المنتج-نسخة-29/index.html’ saved [141647]

--2026-09-06 16:33:29--  https://jazdrm.com/product/%d8%a7%d8%b3%d9%85-%d8%a7%d9%84%d9%85%d9%86%d8%aa%d8%ac-%d9%86%d8%b3%d8%ae%d8%a9-38/
Reusing existing connection to jazdrm.com:443.
HTTP request sent, awaiting response... 200 OK
Length: unspecified [text/html]
Saving to: ‘product/اسم-المنتج-نسخة-38/index.html’

     0K .......... .......... .......... .......... .......... 38.8M
    50K .......... .......... .......... .......... .......... 92.7M
   100K .......... .......... .......... .......... .          19.1M=0.004s

Last-modified header missing -- time-stamps turned off.
2026-09-06 16:33:30 (35.5 MB/s) - ‘product/اسم-المنتج-نسخة-38/index.html’ saved [144554]

--2026-09-06 16:33:30--  https://jazdrm.com/product-category/%d8%a7%d9%84%d8%ae%d8%b2%d8%a7%d8%a6%d9%86-%d9%88%d8%a7%d9%84%d8%a3%d8%a8%d9%88%d8%a7%d8%a8-%d8%a7%d9%84%d8%a3%d9%85%d9%86%d9%8a%d8%a9/safe-lockers/
Reusing existing connection to jazdrm.com:443.
HTTP request sent, awaiting response... 200 OK
Length: unspecified [text/html]
Saving to: ‘product-category/الخزائن-والأبواب-الأمنية/safe-lockers/index.html’

     0K .......... .......... .......... .......... .......... 3.31M
    50K .......... .......... .......... .......... .......... 7.93M
   100K .......... .......... .......... .......... ..         25.1M=0.02s

Last-modified header missing -- time-stamps turned off.
2026-09-06 16:33:31 (6.17 MB/s) - ‘product-category/الخزائن-والأبواب-الأمنية/safe-lockers/index.html’ saved [146129]

--2026-09-06 16:33:31--  https://jazdrm.com/product/%d8%a7%d8%b3%d9%85-%d8%a7%d9%84%d9%85%d9%86%d8%aa%d8%ac-%d9%86%d8%b3%d8%ae%d8%a9-18/
Reusing existing connection to jazdrm.com:443.
HTTP request sent, awaiting response... 200 OK
Length: unspecified [text/html]
Saving to: ‘product/اسم-المنتج-نسخة-18/index.html’

     0K .......... .......... .......... .......... .......... 25.2M
    50K .......... .......... .......... .......... .......... 71.7M
   100K .......... .......... .......... .......... ..         85.4M=0.003s

Last-modified header missing -- time-stamps turned off.
2026-09-06 16:33:32 (44.8 MB/s) - ‘product/اسم-المنتج-نسخة-18/index.html’ saved [145937]

--2026-09-06 16:33:33--  https://jazdrm.com/product/dahua-4mp-ptz-sd3a400-2/
Reusing existing connection to jazdrm.com:443.
HTTP request sent, awaiting response... 200 OK
Length: unspecified [text/html]
Saving to: ‘product/dahua-4mp-ptz-sd3a400-2/index.html’

     0K .......... .......... .......... .......... .......... 30.4M
    50K .......... .......... .......... .......... .......... 18.1M
   100K .......... .......... .                                 460K=0.05s

Last-modified header missing -- time-stamps turned off.
2026-09-06 16:33:33 (2.33 MB/s) - ‘product/dahua-4mp-ptz-sd3a400-2/index.html’ saved [124347]

--2026-09-06 16:33:34--  https://jazdrm.com/product/%d8%a7%d8%b3%d9%85-%d8%a7%d9%84%d9%85%d9%86%d8%aa%d8%ac-%d9%86%d8%b3%d8%ae%d8%a9-17/
Reusing existing connection to jazdrm.com:443.
HTTP request sent, awaiting response... 200 OK
Length: unspecified [text/html]
Saving to: ‘product/اسم-المنتج-نسخة-17/index.html’

     0K .......... .......... .......... .......... .......... 22.1M
    50K .......... .......... .......... .......... .......... 9.91M
   100K .......... .......... .......... ..........             730K=0.06s

Last-modified header missing -- time-stamps turned off.
2026-09-06 16:33:35 (2.19 MB/s) - ‘product/اسم-المنتج-نسخة-17/index.html’ saved [143899]

--2026-09-06 16:33:35--  https://jazdrm.com/product/%d8%a7%d8%b3%d9%85-%d8%a7%d9%84%d9%85%d9%86%d8%aa%d8%ac-%d9%86%d8%b3%d8%ae%d8%a9-13/
Reusing existing connection to jazdrm.com:443.
HTTP request sent, awaiting response... 200 OK
Length: unspecified [text/html]
Saving to: ‘product/اسم-المنتج-نسخة-13/index.html’

     0K .......... .......... .......... .......... ..........  567K
    50K .......... .......... .......... .......... .......... 36.2M
   100K .......... .......... .......... .......... .....      27.4M=0.09s

Last-modified header missing -- time-stamps turned off.
2026-09-06 16:33:36 (1.56 MB/s) - ‘product/اسم-المنتج-نسخة-13/index.html’ saved [148902]

--2026-09-06 16:33:36--  https://jazdrm.com/product/%d8%a7%d8%b3%d9%85-%d8%a7%d9%84%d9%85%d9%86%d8%aa%d8%ac-%d9%86%d8%b3%d8%ae%d8%a9-16/
Reusing existing connection to jazdrm.com:443.
HTTP request sent, awaiting response... 200 OK
Length: unspecified [text/html]
Saving to: ‘product/اسم-المنتج-نسخة-16/index.html’

     0K .......... .......... .......... .......... .......... 8.86M
    50K .......... .......... .......... .......... .......... 14.1M
   100K .......... .......... .......... .......... .....      9.65M=0.01s

Last-modified header missing -- time-stamps turned off.
2026-09-06 16:33:37 (10.5 MB/s) - ‘product/اسم-المنتج-نسخة-16/index.html’ saved [149070]

--2026-09-06 16:33:37--  https://jazdrm.com/product/%d8%a7%d8%b3%d9%85-%d8%a7%d9%84%d9%85%d9%86%d8%aa%d8%ac-%d9%86%d8%b3%d8%ae%d8%a9-2/
Reusing existing connection to jazdrm.com:443.
HTTP request sent, awaiting response... 200 OK
Length: unspecified [text/html]
Saving to: ‘product/اسم-المنتج-نسخة-2/index.html’

     0K .......... .......... .......... .......... .......... 20.4M
    50K .......... .......... .......... .......... .......... 1.73M
   100K .......... .......... .......... .......... ...        27.9M=0.03s

Last-modified header missing -- time-stamps turned off.
2026-09-06 16:33:38 (4.37 MB/s) - ‘product/اسم-المنتج-نسخة-2/index.html’ saved [147141]

--2026-09-06 16:33:39--  https://jazdrm.com/product/jb-001/
Reusing existing connection to jazdrm.com:443.
HTTP request sent, awaiting response... 200 OK
Length: unspecified [text/html]
Saving to: ‘product/jb-001/index.html’

     0K .......... .......... .......... .......... .......... 24.1M
    50K .......... .......... .......... .......... .......... 40.3M
   100K .......... .......... .......... .......... .          58.6M=0.004s

Last-modified header missing -- time-stamps turned off.
2026-09-06 16:33:40 (35.2 MB/s) - ‘product/jb-001/index.html’ saved [144539]

--2026-09-06 16:33:40--  https://jazdrm.com/product/%d8%a7%d8%b3%d9%85-%d8%a7%d9%84%d9%85%d9%86%d8%aa%d8%ac-%d9%86%d8%b3%d8%ae%d8%a9-28/
Reusing existing connection to jazdrm.com:443.
HTTP request sent, awaiting response... 200 OK
Length: unspecified [text/html]
Saving to: ‘product/اسم-المنتج-نسخة-28/index.html’

     0K .......... .......... .......... .......... .......... 3.95M
    50K .......... .......... .......... .......... .......... 34.9M
   100K .......... .......... .......... .......... .......... 7.99M
   150K ..                                                     6.66M=0.02s

Last-modified header missing -- time-stamps turned off.
2026-09-06 16:33:41 (7.36 MB/s) - ‘product/اسم-المنتج-نسخة-28/index.html’ saved [156353]

--2026-09-06 16:33:41--  https://jazdrm.com/product/%d8%a7%d8%b3%d9%85-%d8%a7%d9%84%d9%85%d9%86%d8%aa%d8%ac-%d9%86%d8%b3%d8%ae%d8%a9-7/
Reusing existing connection to jazdrm.com:443.
HTTP request sent, awaiting response... 200 OK
Length: unspecified [text/html]
Saving to: ‘product/اسم-المنتج-نسخة-7/index.html’

     0K .......... .......... .......... .......... .......... 8.37M
    50K .......... .......... .......... .......... .......... 3.83M
   100K .......... .......... .......... .......... ........   12.2M=0.02s

Last-modified header missing -- time-stamps turned off.
2026-09-06 16:33:42 (6.45 MB/s) - ‘product/اسم-المنتج-نسخة-7/index.html’ saved [152019]

--2026-09-06 16:33:42--  https://jazdrm.com/product-category/uncategorized/
Reusing existing connection to jazdrm.com:443.
HTTP request sent, awaiting response... 200 OK
Length: unspecified [text/html]
Saving to: ‘product-category/uncategorized/index.html’

     0K .......... .......... .......... .......... .......... 2.91M
    50K .......... .......... .......... .......... ......     54.2M=0.02s

Last-modified header missing -- time-stamps turned off.
2026-09-06 16:33:43 (5.37 MB/s) - ‘product-category/uncategorized/index.html’ saved [99261]

--2026-09-06 16:33:43--  https://jazdrm.com/product-category/safety-deposit-lockers/
Reusing existing connection to jazdrm.com:443.
HTTP request sent, awaiting response... 200 OK
Length: unspecified [text/html]
Saving to: ‘product-category/safety-deposit-lockers/index.html’

     0K .......... .......... .......... .......... .......... 2.39M
    50K .......... .......... .......... .......... .......... 34.8M
   100K .                                                      27.5K=0.02s

Last-modified header missing -- time-stamps turned off.
2026-09-06 16:33:44 (4.54 MB/s) - ‘product-category/safety-deposit-lockers/index.html’ saved [103808]

--2026-09-06 16:33:44--  http://jazdrm.com/
Connecting to jazdrm.com (jazdrm.com)|67.20.114.128|:80... connected.
HTTP request sent, awaiting response... 301 Moved Permanently
Location: https://jazdrm.com/ [following]
--2026-09-06 16:33:45--  https://jazdrm.com/
Connecting to jazdrm.com (jazdrm.com)|67.20.114.128|:443... connected.
HTTP request sent, awaiting response... 200 OK
Length: unspecified [text/html]
Saving to: ‘index.html’

     0K .......... .......... .......... .......... ..........  130K
    50K .......... .......... .......... .......... ..........  257K
   100K .......... .......... .......... .......... .......... 2.41M
   150K .......... .......... .......... .......... ..........  210K
   200K .......... .......... ....                             9.17M=0.8s

Last-modified header missing -- time-stamps turned off.
2026-09-06 16:33:47 (267 KB/s) - ‘index.html’ saved [229528]

--2026-09-06 16:33:47--  https://jazdrm.com/privacy-policy
Reusing existing connection to jazdrm.com:443.
HTTP request sent, awaiting response... 301 Moved Permanently
Location: https://jazdrm.com/privacy-policy/ [following]
--2026-09-06 16:33:48--  https://jazdrm.com/privacy-policy/
Reusing existing connection to jazdrm.com:443.
HTTP request sent, awaiting response... 200 OK
Length: unspecified [text/html]
Saving to: ‘privacy-policy.html’

     0K .......... .......... .......... .......... .......... 2.40M
    50K .......... .......... .......... .......... .......... 4.35M
   100K .......... .......... ....                             46.1M=0.03s

Last-modified header missing -- time-stamps turned off.
2026-09-06 16:33:49 (3.80 MB/s) - ‘privacy-policy.html’ saved [127802]

--2026-09-06 16:33:50--  https://jazdrm.com/terms-and-conditions
Reusing existing connection to jazdrm.com:443.
HTTP request sent, awaiting response... 301 Moved Permanently
Location: https://jazdrm.com/terms-and-conditions/ [following]
--2026-09-06 16:33:51--  https://jazdrm.com/terms-and-conditions/
Reusing existing connection to jazdrm.com:443.
HTTP request sent, awaiting response... 200 OK
Length: unspecified [text/html]
Saving to: ‘terms-and-conditions.html’

     0K .......... .......... .......... .......... .......... 4.11M
    50K .......... .......... .......... .......... .......... 12.1M
   100K .......... .......... .....                             139M=0.02s

Last-modified header missing -- time-stamps turned off.
2026-09-06 16:33:52 (7.62 MB/s) - ‘terms-and-conditions.html’ saved [128700]

--2026-09-06 16:33:52--  https://jazdrm.com/wp-content/uploads/blocksy/local-google-fonts/s/cairo/v30/SLXVc1nY6HkvangtZmpQdkhzfH5lkSscQyyS8p4_RHH1.woff2
Reusing existing connection to jazdrm.com:443.
HTTP request sent, awaiting response... 200 OK
Length: 30648 (30K) [font/woff2]
Saving to: ‘wp-content/uploads/blocksy/local-google-fonts/s/cairo/v30/SLXVc1nY6HkvangtZmpQdkhzfH5lkSscQyyS8p4_RHH1.woff2’

     0K .......... .......... .........                       100% 59.4M=0s

2026-09-06 16:33:52 (59.4 MB/s) - ‘wp-content/uploads/blocksy/local-google-fonts/s/cairo/v30/SLXVc1nY6HkvangtZmpQdkhzfH5lkSscQyyS8p4_RHH1.woff2’ saved [30648/30648]

--2026-09-06 16:33:53--  https://jazdrm.com/wp-content/uploads/blocksy/local-google-fonts/s/cairo/v30/SLXVc1nY6HkvangtZmpQdkhzfH5lkSscSCyS8p4_RHH1.woff2
Reusing existing connection to jazdrm.com:443.
HTTP request sent, awaiting response... 200 OK
Length: 16632 (16K) [font/woff2]
Saving to: ‘wp-content/uploads/blocksy/local-google-fonts/s/cairo/v30/SLXVc1nY6HkvangtZmpQdkhzfH5lkSscSCyS8p4_RHH1.woff2’

     0K .......... ......                                     100% 11.5M=0.001s

2026-09-06 16:33:53 (11.5 MB/s) - ‘wp-content/uploads/blocksy/local-google-fonts/s/cairo/v30/SLXVc1nY6HkvangtZmpQdkhzfH5lkSscSCyS8p4_RHH1.woff2’ saved [16632/16632]

--2026-09-06 16:33:53--  https://jazdrm.com/wp-content/uploads/blocksy/local-google-fonts/s/cairo/v30/SLXVc1nY6HkvangtZmpQdkhzfH5lkSscRiyS8p4_RA.woff2
Reusing existing connection to jazdrm.com:443.
HTTP request sent, awaiting response... 200 OK
Length: 33644 (33K) [font/woff2]
Saving to: ‘wp-content/uploads/blocksy/local-google-fonts/s/cairo/v30/SLXVc1nY6HkvangtZmpQdkhzfH5lkSscRiyS8p4_RA.woff2’

     0K .......... .......... .......... ..                   100% 97.8M=0s

2026-09-06 16:33:53 (97.8 MB/s) - ‘wp-content/uploads/blocksy/local-google-fonts/s/cairo/v30/SLXVc1nY6HkvangtZmpQdkhzfH5lkSscRiyS8p4_RA.woff2’ saved [33644/33644]

--2026-09-06 16:33:54--  https://jazdrm.com/wp-content/uploads/blocksy/local-google-fonts/s/notokufiarabic/v24/CSRk4ydQnPyaDxEXLFF6LZVLKrodrOYFFkCqIzAUWw.woff2
Reusing existing connection to jazdrm.com:443.
HTTP request sent, awaiting response... 200 OK
Length: 123812 (121K) [font/woff2]
Saving to: ‘wp-content/uploads/blocksy/local-google-fonts/s/notokufiarabic/v24/CSRk4ydQnPyaDxEXLFF6LZVLKrodrOYFFkCqIzAUWw.woff2’

     0K .......... .......... .......... .......... .......... 41%  292M 0s
    50K .......... .......... .......... .......... .......... 82% 7.61M 0s
   100K .......... ..........                                 100% 1.08M=0.03s

2026-09-06 16:33:54 (4.64 MB/s) - ‘wp-content/uploads/blocksy/local-google-fonts/s/notokufiarabic/v24/CSRk4ydQnPyaDxEXLFF6LZVLKrodrOYFFkCqIzAUWw.woff2’ saved [123812/123812]

--2026-09-06 16:33:54--  https://jazdrm.com/wp-content/uploads/blocksy/local-google-fonts/s/notokufiarabic/v24/CSRk4ydQnPyaDxEXLFF6LZVLKrodrJ8FFkCqIzAUWw.woff2
Reusing existing connection to jazdrm.com:443.
HTTP request sent, awaiting response... 200 OK
Length: 22288 (22K) [font/woff2]
Saving to: ‘wp-content/uploads/blocksy/local-google-fonts/s/notokufiarabic/v24/CSRk4ydQnPyaDxEXLFF6LZVLKrodrJ8FFkCqIzAUWw.woff2’

     0K .......... .......... .                               100% 7.60M=0.003s

2026-09-06 16:33:54 (7.60 MB/s) - ‘wp-content/uploads/blocksy/local-google-fonts/s/notokufiarabic/v24/CSRk4ydQnPyaDxEXLFF6LZVLKrodrJ8FFkCqIzAUWw.woff2’ saved [22288/22288]

--2026-09-06 16:33:55--  https://jazdrm.com/wp-content/uploads/blocksy/local-google-fonts/s/notokufiarabic/v24/CSRk4ydQnPyaDxEXLFF6LZVLKrodrI0FFkCqIzAUWw.woff2
Reusing existing connection to jazdrm.com:443.
HTTP request sent, awaiting response... 200 OK
Length: 14076 (14K) [font/woff2]
Saving to: ‘wp-content/uploads/blocksy/local-google-fonts/s/notokufiarabic/v24/CSRk4ydQnPyaDxEXLFF6LZVLKrodrI0FFkCqIzAUWw.woff2’

     0K .......... ...                                        100% 42.2M=0s

2026-09-06 16:33:55 (42.2 MB/s) - ‘wp-content/uploads/blocksy/local-google-fonts/s/notokufiarabic/v24/CSRk4ydQnPyaDxEXLFF6LZVLKrodrI0FFkCqIzAUWw.woff2’ saved [14076/14076]

--2026-09-06 16:33:55--  https://jazdrm.com/wp-content/uploads/blocksy/local-google-fonts/s/notokufiarabic/v24/CSRk4ydQnPyaDxEXLFF6LZVLKrodrO0FFkCqIzAUWw.woff2
Reusing existing connection to jazdrm.com:443.
HTTP request sent, awaiting response... 200 OK
Length: 16484 (16K) [font/woff2]
Saving to: ‘wp-content/uploads/blocksy/local-google-fonts/s/notokufiarabic/v24/CSRk4ydQnPyaDxEXLFF6LZVLKrodrO0FFkCqIzAUWw.woff2’

     0K .......... ......                                     100%  115M=0s

2026-09-06 16:33:55 (115 MB/s) - ‘wp-content/uploads/blocksy/local-google-fonts/s/notokufiarabic/v24/CSRk4ydQnPyaDxEXLFF6LZVLKrodrO0FFkCqIzAUWw.woff2’ saved [16484/16484]

--2026-09-06 16:33:55--  https://jazdrm.com/wp-content/uploads/blocksy/local-google-fonts/s/notokufiarabic/v24/CSRk4ydQnPyaDxEXLFF6LZVLKrodrOMFFkCqIzA.woff2
Reusing existing connection to jazdrm.com:443.
HTTP request sent, awaiting response... 200 OK
Length: 30720 (30K) [font/woff2]
Saving to: ‘wp-content/uploads/blocksy/local-google-fonts/s/notokufiarabic/v24/CSRk4ydQnPyaDxEXLFF6LZVLKrodrOMFFkCqIzA.woff2’

     0K .......... .......... ..........                      100% 31.4M=0.001s

2026-09-06 16:33:56 (31.4 MB/s) - ‘wp-content/uploads/blocksy/local-google-fonts/s/notokufiarabic/v24/CSRk4ydQnPyaDxEXLFF6LZVLKrodrOMFFkCqIzA.woff2’ saved [30720/30720]

--2026-09-06 16:33:56--  https://jazdrm.com/wp-content/themes/blocksy/static/fonts/stars.woff2
Reusing existing connection to jazdrm.com:443.
HTTP request sent, awaiting response... 200 OK
Length: 664 [font/woff2]
Saving to: ‘wp-content/themes/blocksy/static/fonts/stars.woff2’

     0K                                                       100%  127M=0s

2026-09-06 16:33:56 (127 MB/s) - ‘wp-content/themes/blocksy/static/fonts/stars.woff2’ saved [664/664]

--2026-09-06 16:33:56--  https://jazdrm.com/wp-content/plugins/translatepress-multilingual/assets/images/arrow-down-3101.svg
Reusing existing connection to jazdrm.com:443.
HTTP request sent, awaiting response... 200 OK
Length: 988 [image/svg+xml]
Saving to: ‘wp-content/plugins/translatepress-multilingual/assets/images/arrow-down-3101.svg’

     0K                                                       100%  314M=0s

2026-09-06 16:33:57 (314 MB/s) - ‘wp-content/plugins/translatepress-multilingual/assets/images/arrow-down-3101.svg’ saved [988/988]

--2026-09-06 16:33:57--  https://jazdrm.com/wp-content/themes/blocksy/static/fonts/woo.woff2
Reusing existing connection to jazdrm.com:443.
HTTP request sent, awaiting response... 200 OK
Length: 2760 (2.7K) [font/woff2]
Saving to: ‘wp-content/themes/blocksy/static/fonts/woo.woff2’

     0K ..                                                    100% 53.9K=0s

2026-09-06 16:33:57 (53.9 KB/s) - ‘wp-content/themes/blocksy/static/fonts/woo.woff2’ saved [2760/2760]

--2026-09-06 16:33:58--  https://jazdrm.com/wp-content/plugins/elementor/assets/lib/font-awesome/webfonts/fa-brands-400.eot
Reusing existing connection to jazdrm.com:443.
HTTP request sent, awaiting response... 200 OK
Length: 151556 (148K) [application/vnd.ms-fontobject]
Saving to: ‘wp-content/plugins/elementor/assets/lib/font-awesome/webfonts/fa-brands-400.eot’

     0K .......... .......... .......... .......... .......... 33%  114M 0s
    50K .......... .......... .......... .......... .......... 67% 66.3M 0s
   100K .......... .......... .......... .......... ........  100% 33.5M=0.003s

2026-09-06 16:33:58 (56.4 MB/s) - ‘wp-content/plugins/elementor/assets/lib/font-awesome/webfonts/fa-brands-400.eot’ saved [151556/151556]

--2026-09-06 16:33:58--  https://jazdrm.com/wp-content/plugins/elementor/assets/lib/font-awesome/webfonts/fa-brands-400.eot?
Reusing existing connection to jazdrm.com:443.
HTTP request sent, awaiting response... 200 OK
Length: 151556 (148K) [application/vnd.ms-fontobject]
Saving to: ‘wp-content/plugins/elementor/assets/lib/font-awesome/webfonts/fa-brands-400.eot?’

     0K .......... .......... .......... .......... .......... 33% 67.3M 0s
    50K .......... .......... .......... .......... .......... 67% 11.3M 0s
   100K .......... .......... .......... .......... ........  100% 15.4M=0.008s

2026-09-06 16:33:58 (17.8 MB/s) - ‘wp-content/plugins/elementor/assets/lib/font-awesome/webfonts/fa-brands-400.eot?’ saved [151556/151556]

--2026-09-06 16:33:59--  https://jazdrm.com/wp-content/plugins/elementor/assets/lib/font-awesome/webfonts/fa-brands-400.woff2
Reusing existing connection to jazdrm.com:443.
HTTP request sent, awaiting response... 200 OK
Length: 81612 (80K) [font/woff2]
Saving to: ‘wp-content/plugins/elementor/assets/lib/font-awesome/webfonts/fa-brands-400.woff2’

     0K .......... .......... .......... .......... .......... 62%  226M 0s
    50K .......... .......... .........                       100% 10.3M=0.003s

2026-09-06 16:33:59 (25.8 MB/s) - ‘wp-content/plugins/elementor/assets/lib/font-awesome/webfonts/fa-brands-400.woff2’ saved [81612/81612]

--2026-09-06 16:33:59--  https://jazdrm.com/wp-content/plugins/elementor/assets/lib/font-awesome/webfonts/fa-brands-400.woff
Reusing existing connection to jazdrm.com:443.
HTTP request sent, awaiting response... 200 OK
Length: 97804 (96K) [font/woff]
Saving to: ‘wp-content/plugins/elementor/assets/lib/font-awesome/webfonts/fa-brands-400.woff’

     0K .......... .......... .......... .......... .......... 52% 2.67M 0s
    50K .......... .......... .......... .......... .....     100%  128M=0.02s

2026-09-06 16:34:00 (5.00 MB/s) - ‘wp-content/plugins/elementor/assets/lib/font-awesome/webfonts/fa-brands-400.woff’ saved [97804/97804]

--2026-09-06 16:34:00--  https://jazdrm.com/wp-content/plugins/elementor/assets/lib/font-awesome/webfonts/fa-brands-400.ttf
Reusing existing connection to jazdrm.com:443.
HTTP request sent, awaiting response... 200 OK
Length: 151368 (148K) [font/ttf]
Saving to: ‘wp-content/plugins/elementor/assets/lib/font-awesome/webfonts/fa-brands-400.ttf’

     0K .......... .......... .......... .......... .......... 33% 4.00M 0s
    50K .......... .......... .......... .......... .......... 67%  121M 0s
   100K .......... .......... .......... .......... .......   100% 17.3M=0.02s

2026-09-06 16:34:00 (9.43 MB/s) - ‘wp-content/plugins/elementor/assets/lib/font-awesome/webfonts/fa-brands-400.ttf’ saved [151368/151368]

--2026-09-06 16:34:00--  https://jazdrm.com/wp-content/plugins/elementor/assets/lib/font-awesome/webfonts/fa-brands-400.svg
Reusing existing connection to jazdrm.com:443.
HTTP request sent, awaiting response... 200 OK
Length: 749223 (732K) [image/svg+xml]
Saving to: ‘wp-content/plugins/elementor/assets/lib/font-awesome/webfonts/fa-brands-400.svg’

     0K .......... .......... .......... .......... ..........  6%  147M 0s
    50K .......... .......... .......... .......... .......... 13% 20.6M 0s
   100K .......... .......... .......... .......... .......... 20%  205M 0s
   150K .......... .......... .......... .......... .......... 27% 8.96M 0s
   200K .......... .......... .......... .......... .......... 34%  261K 0s
   250K .......... .......... .......... .......... .......... 41% 57.9M 0s
   300K .......... .......... .......... .......... .......... 47% 19.4M 0s
   350K .......... .......... .......... .......... .......... 54% 22.1M 0s
   400K .......... .......... .......... .......... .......... 61% 9.78M 0s
   450K .......... .......... .......... .......... .......... 68% 1.81M 0s
   500K .......... .......... .......... .......... .......... 75%  268K 0s
   550K .......... .......... .......... .......... .......... 82%  158M 0s
   600K .......... .......... .......... .......... .......... 88%  301M 0s
   650K .......... .......... .......... .......... .......... 95%  321M 0s
   700K .......... .......... .......... .                    100% 26.5M=0.4s

2026-09-06 16:34:01 (1.68 MB/s) - ‘wp-content/plugins/elementor/assets/lib/font-awesome/webfonts/fa-brands-400.svg’ saved [749223/749223]

--2026-09-06 16:34:01--  https://jazdrm.com/wp-content/plugins/elementor/assets/lib/font-awesome/webfonts/fa-regular-400.eot
Reusing existing connection to jazdrm.com:443.
HTTP request sent, awaiting response... 200 OK
Length: 34034 (33K) [application/vnd.ms-fontobject]
Saving to: ‘wp-content/plugins/elementor/assets/lib/font-awesome/webfonts/fa-regular-400.eot’

     0K .......... .......... .......... ...                  100% 1.65M=0.02s

2026-09-06 16:34:02 (1.65 MB/s) - ‘wp-content/plugins/elementor/assets/lib/font-awesome/webfonts/fa-regular-400.eot’ saved [34034/34034]

--2026-09-06 16:34:02--  https://jazdrm.com/wp-content/plugins/elementor/assets/lib/font-awesome/webfonts/fa-regular-400.eot?
Reusing existing connection to jazdrm.com:443.
HTTP request sent, awaiting response... 200 OK
Length: 34034 (33K) [application/vnd.ms-fontobject]
Saving to: ‘wp-content/plugins/elementor/assets/lib/font-awesome/webfonts/fa-regular-400.eot?’

     0K .......... .......... .......... ...                  100% 3.70M=0.009s

2026-09-06 16:34:02 (3.70 MB/s) - ‘wp-content/plugins/elementor/assets/lib/font-awesome/webfonts/fa-regular-400.eot?’ saved [34034/34034]

--2026-09-06 16:34:03--  https://jazdrm.com/wp-content/plugins/elementor/assets/lib/font-awesome/webfonts/fa-regular-400.woff2
Reusing existing connection to jazdrm.com:443.
HTTP request sent, awaiting response... 200 OK
Length: 13276 (13K) [font/woff2]
Saving to: ‘wp-content/plugins/elementor/assets/lib/font-awesome/webfonts/fa-regular-400.woff2’

     0K .......... ..                                         100% 60.6M=0s

2026-09-06 16:34:03 (60.6 MB/s) - ‘wp-content/plugins/elementor/assets/lib/font-awesome/webfonts/fa-regular-400.woff2’ saved [13276/13276]

--2026-09-06 16:34:03--  https://jazdrm.com/wp-content/plugins/elementor/assets/lib/font-awesome/webfonts/fa-regular-400.woff
Reusing existing connection to jazdrm.com:443.
HTTP request sent, awaiting response... 200 OK
Length: 16276 (16K) [font/woff]
Saving to: ‘wp-content/plugins/elementor/assets/lib/font-awesome/webfonts/fa-regular-400.woff’

     0K .......... .....                                      100% 90.8M=0s

2026-09-06 16:34:03 (90.8 MB/s) - ‘wp-content/plugins/elementor/assets/lib/font-awesome/webfonts/fa-regular-400.woff’ saved [16276/16276]

--2026-09-06 16:34:04--  https://jazdrm.com/wp-content/plugins/elementor/assets/lib/font-awesome/webfonts/fa-regular-400.ttf
Reusing existing connection to jazdrm.com:443.
HTTP request sent, awaiting response... 200 OK
Length: 33736 (33K) [font/ttf]
Saving to: ‘wp-content/plugins/elementor/assets/lib/font-awesome/webfonts/fa-regular-400.ttf’

     0K .......... .......... .......... ..                   100% 78.5M=0s

2026-09-06 16:34:04 (78.5 MB/s) - ‘wp-content/plugins/elementor/assets/lib/font-awesome/webfonts/fa-regular-400.ttf’ saved [33736/33736]

--2026-09-06 16:34:05--  https://jazdrm.com/wp-content/plugins/elementor/assets/lib/font-awesome/webfonts/fa-regular-400.svg
Reusing existing connection to jazdrm.com:443.
HTTP request sent, awaiting response... 200 OK
Length: 144714 (141K) [image/svg+xml]
Saving to: ‘wp-content/plugins/elementor/assets/lib/font-awesome/webfonts/fa-regular-400.svg’

     0K .......... .......... .......... .......... .......... 35% 13.2M 0s
    50K .......... .......... .......... .......... .......... 70% 6.83M 0s
   100K .......... .......... .......... .......... .         100% 15.1M=0.01s

2026-09-06 16:34:05 (10.2 MB/s) - ‘wp-content/plugins/elementor/assets/lib/font-awesome/webfonts/fa-regular-400.svg’ saved [144714/144714]

--2026-09-06 16:34:05--  https://jazdrm.com/wp-content/plugins/elementor/assets/lib/font-awesome/webfonts/fa-solid-900.eot
Reusing existing connection to jazdrm.com:443.
HTTP request sent, awaiting response... 200 OK
Length: 203030 (198K) [application/vnd.ms-fontobject]
Saving to: ‘wp-content/plugins/elementor/assets/lib/font-awesome/webfonts/fa-solid-900.eot’

     0K .......... .......... .......... .......... .......... 25% 2.43M 0s
    50K .......... .......... .......... .......... .......... 50% 22.8M 0s
   100K .......... .......... .......... .......... .......... 75% 15.6M 0s
   150K .......... .......... .......... .......... ........  100% 39.1M=0.03s

2026-09-06 16:34:06 (7.29 MB/s) - ‘wp-content/plugins/elementor/assets/lib/font-awesome/webfonts/fa-solid-900.eot’ saved [203030/203030]

--2026-09-06 16:34:06--  https://jazdrm.com/wp-content/plugins/elementor/assets/lib/font-awesome/webfonts/fa-solid-900.eot?
Reusing existing connection to jazdrm.com:443.
HTTP request sent, awaiting response... 200 OK
Length: 203030 (198K) [application/vnd.ms-fontobject]
Saving to: ‘wp-content/plugins/elementor/assets/lib/font-awesome/webfonts/fa-solid-900.eot?’

     0K .......... .......... .......... .......... .......... 25% 3.29M 0s
    50K .......... .......... .......... .......... .......... 50% 15.2M 0s
   100K .......... .......... .......... .......... .......... 75% 7.70M 0s
   150K .......... .......... .......... .......... ........  100% 31.2M=0.03s

2026-09-06 16:34:06 (7.48 MB/s) - ‘wp-content/plugins/elementor/assets/lib/font-awesome/webfonts/fa-solid-900.eot?’ saved [203030/203030]

--2026-09-06 16:34:06--  https://jazdrm.com/wp-content/plugins/elementor/assets/lib/font-awesome/webfonts/fa-solid-900.woff2
Reusing existing connection to jazdrm.com:443.
HTTP request sent, awaiting response... 200 OK
Length: 78196 (76K) [font/woff2]
Saving to: ‘wp-content/plugins/elementor/assets/lib/font-awesome/webfonts/fa-solid-900.woff2’

     0K .......... .......... .......... .......... .......... 65% 3.30M 0s
    50K .......... .......... ......                          100% 80.0M=0.02s

2026-09-06 16:34:06 (4.93 MB/s) - ‘wp-content/plugins/elementor/assets/lib/font-awesome/webfonts/fa-solid-900.woff2’ saved [78196/78196]

--2026-09-06 16:34:07--  https://jazdrm.com/wp-content/plugins/elementor/assets/lib/font-awesome/webfonts/fa-solid-900.woff
Reusing existing connection to jazdrm.com:443.
HTTP request sent, awaiting response... 200 OK
Length: 101652 (99K) [font/woff]
Saving to: ‘wp-content/plugins/elementor/assets/lib/font-awesome/webfonts/fa-solid-900.woff’

     0K .......... .......... .......... .......... .......... 50% 3.90M 0s
    50K .......... .......... .......... .......... ......... 100% 22.2M=0.01s

2026-09-06 16:34:07 (6.60 MB/s) - ‘wp-content/plugins/elementor/assets/lib/font-awesome/webfonts/fa-solid-900.woff’ saved [101652/101652]

--2026-09-06 16:34:07--  https://jazdrm.com/wp-content/plugins/elementor/assets/lib/font-awesome/webfonts/fa-solid-900.ttf
Reusing existing connection to jazdrm.com:443.
HTTP request sent, awaiting response... 200 OK
Length: 202744 (198K) [font/ttf]
Saving to: ‘wp-content/plugins/elementor/assets/lib/font-awesome/webfonts/fa-solid-900.ttf’

     0K .......... .......... .......... .......... .......... 25% 2.47M 0s
    50K .......... .......... .......... .......... .......... 50% 29.2M 0s
   100K .......... .......... .......... .......... .......... 75% 19.5M 0s
   150K .......... .......... .......... .......... .......   100%  315M=0.02s

2026-09-06 16:34:07 (8.01 MB/s) - ‘wp-content/plugins/elementor/assets/lib/font-awesome/webfonts/fa-solid-900.ttf’ saved [202744/202744]

--2026-09-06 16:34:08--  https://jazdrm.com/wp-content/plugins/elementor/assets/lib/font-awesome/webfonts/fa-solid-900.svg
Reusing existing connection to jazdrm.com:443.
HTTP request sent, awaiting response... 200 OK
Length: 918991 (897K) [image/svg+xml]
Saving to: ‘wp-content/plugins/elementor/assets/lib/font-awesome/webfonts/fa-solid-900.svg’

     0K .......... .......... .......... .......... ..........  5% 27.8M 0s
    50K .......... .......... .......... .......... .......... 11% 6.72M 0s
   100K .......... .......... .......... .......... .......... 16% 10.2M 0s
   150K .......... .......... .......... .......... .......... 22% 6.69M 0s
   200K .......... .......... .......... .......... .......... 27% 2.36M 0s
   250K .......... .......... .......... .......... .......... 33% 23.6M 0s
   300K .......... .......... .......... .......... .......... 38% 29.8M 0s
   350K .......... .......... .......... .......... .......... 44% 16.1M 0s
   400K .......... .......... .......... .......... .......... 50% 11.5M 0s
   450K .......... .......... .......... .......... .......... 55% 26.2M 0s
   500K .......... .......... .......... .......... .......... 61% 2.82M 0s
   550K .......... .......... .......... .......... .......... 66% 15.1M 0s
   600K .......... .......... .......... .......... .......... 72% 22.4M 0s
   650K .......... .......... .......... .......... .......... 77% 25.3M 0s
   700K .......... .......... .......... .......... .......... 83% 46.6M 0s
   750K .......... .......... .......... .......... .......... 89% 14.0M 0s
   800K .......... .......... .......... .......... .......... 94% 7.41M 0s
   850K .......... .......... .......... .......... .......   100% 2.67M=0.1s

2026-09-06 16:34:08 (8.13 MB/s) - ‘wp-content/plugins/elementor/assets/lib/font-awesome/webfonts/fa-solid-900.svg’ saved [918991/918991]

--2026-09-06 16:34:08--  https://jazdrm.com/wp-content/uploads/2024/11/image-mask.svg
Reusing existing connection to jazdrm.com:443.
HTTP request sent, awaiting response... 200 OK
Length: 532 [image/svg+xml]
Saving to: ‘wp-content/uploads/2024/11/image-mask.svg’

     0K                                                       100%  169M=0s

2026-09-06 16:34:09 (169 MB/s) - ‘wp-content/uploads/2024/11/image-mask.svg’ saved [532/532]

--2026-09-06 16:34:09--  https://jazdrm.com/wp-content/plugins/happy-elementor-addons/assets/fonts/happy-icons.woff2
Reusing existing connection to jazdrm.com:443.
HTTP request sent, awaiting response... 200 OK
Length: 134684 (132K) [font/woff2]
Saving to: ‘wp-content/plugins/happy-elementor-addons/assets/fonts/happy-icons.woff2’

     0K .......... .......... .......... .......... .......... 38% 2.67M 0s
    50K .......... .......... .......... .......... .......... 76% 21.8M 0s
   100K .......... .......... .......... .                    100% 58.2M=0.02s

2026-09-06 16:34:09 (6.10 MB/s) - ‘wp-content/plugins/happy-elementor-addons/assets/fonts/happy-icons.woff2’ saved [134684/134684]

--2026-09-06 16:34:09--  https://jazdrm.com/wp-content/plugins/happy-elementor-addons/assets/fonts/happy-icons.woff
Reusing existing connection to jazdrm.com:443.
HTTP request sent, awaiting response... 200 OK
Length: 322828 (315K) [font/woff]
Saving to: ‘wp-content/plugins/happy-elementor-addons/assets/fonts/happy-icons.woff’

     0K .......... .......... .......... .......... .......... 15% 3.61M 0s
    50K .......... .......... .......... .......... .......... 31% 43.3M 0s
   100K .......... .......... .......... .......... .......... 47% 19.3M 0s
   150K .......... .......... .......... .......... .......... 63% 26.4M 0s
   200K .......... .......... .......... .......... .......... 79% 21.1M 0s
   250K .......... .......... .......... .......... .......... 95% 27.1M 0s
   300K .......... .....                                      100% 39.1M=0.02s

2026-09-06 16:34:10 (13.1 MB/s) - ‘wp-content/plugins/happy-elementor-addons/assets/fonts/happy-icons.woff’ saved [322828/322828]

--2026-09-06 16:34:10--  https://jazdrm.com/wp-content/plugins/happy-elementor-addons/assets/fonts/happy-icons.svg
Reusing existing connection to jazdrm.com:443.
HTTP request sent, awaiting response... 200 OK
Length: 872925 (852K) [image/svg+xml]
Saving to: ‘wp-content/plugins/happy-elementor-addons/assets/fonts/happy-icons.svg’

     0K .......... .......... .......... .......... ..........  5% 3.24M 0s
    50K .......... .......... .......... .......... .......... 11% 27.5M 0s
   100K .......... .......... .......... .......... .......... 17% 54.6M 0s
   150K .......... .......... .......... .......... .......... 23% 8.69M 0s
   200K .......... .......... .......... .......... .......... 29% 13.8M 0s
   250K .......... .......... .......... .......... .......... 35% 7.38M 0s
   300K .......... .......... .......... .......... .......... 41% 10.1M 0s
   350K .......... .......... .......... .......... .......... 46% 9.73M 0s
   400K .......... .......... .......... .......... .......... 52% 10.0M 0s
   450K .......... .......... .......... .......... .......... 58% 3.48M 0s
   500K .......... .......... .......... .......... .......... 64% 9.63M 0s
   550K .......... .......... .......... .......... .......... 70%  114M 0s
   600K .......... .......... .......... .......... .......... 76% 13.8M 0s
   650K .......... .......... .......... .......... .......... 82% 8.42M 0s
   700K .......... .......... .......... .......... .......... 87% 8.22M 0s
   750K .......... .......... .......... .......... .......... 93% 2.97M 0s
   800K .......... .......... .......... .......... .......... 99% 24.3M 0s
   850K ..                                                    100% 12.1M=0.1s

2026-09-06 16:34:10 (8.18 MB/s) - ‘wp-content/plugins/happy-elementor-addons/assets/fonts/happy-icons.svg’ saved [872925/872925]

--2026-09-06 16:34:11--  https://jazdrm.com/wp-content/plugins/elementor/assets/lib/font-awesome/fonts/fontawesome-webfont.eot?v=4.7.0
Reusing existing connection to jazdrm.com:443.
HTTP request sent, awaiting response... 200 OK
Length: 165742 (162K) [application/vnd.ms-fontobject]
Saving to: ‘wp-content/plugins/elementor/assets/lib/font-awesome/fonts/fontawesome-webfont.eot?v=4.7.0’

     0K .......... .......... .......... .......... .......... 30% 33.9M 0s
    50K .......... .......... .......... .......... .......... 61% 11.5M 0s
   100K .......... .......... .......... .......... .......... 92%  507K 0s
   150K .......... .                                          100% 21.7M=0.1s

2026-09-06 16:34:11 (1.51 MB/s) - ‘wp-content/plugins/elementor/assets/lib/font-awesome/fonts/fontawesome-webfont.eot?v=4.7.0’ saved [165742/165742]

--2026-09-06 16:34:11--  https://jazdrm.com/wp-content/plugins/elementor/assets/lib/font-awesome/fonts/fontawesome-webfont.eot?
Reusing existing connection to jazdrm.com:443.
HTTP request sent, awaiting response... 200 OK
Length: 165742 (162K) [application/vnd.ms-fontobject]
Saving to: ‘wp-content/plugins/elementor/assets/lib/font-awesome/fonts/fontawesome-webfont.eot?’

     0K .......... .......... .......... .......... .......... 30%  143M 0s
    50K .......... .......... .......... .......... .......... 61% 10.6M 0s
   100K .......... .......... .......... .......... .......... 92% 28.4M 0s
   150K .......... .                                          100% 95.7M=0.007s

2026-09-06 16:34:12 (23.3 MB/s) - ‘wp-content/plugins/elementor/assets/lib/font-awesome/fonts/fontawesome-webfont.eot?’ saved [165742/165742]

--2026-09-06 16:34:12--  https://jazdrm.com/wp-content/plugins/elementor/assets/lib/font-awesome/fonts/fontawesome-webfont.woff2?v=4.7.0
Reusing existing connection to jazdrm.com:443.
HTTP request sent, awaiting response... 200 OK
Length: 77160 (75K) [font/woff2]
Saving to: ‘wp-content/plugins/elementor/assets/lib/font-awesome/fonts/fontawesome-webfont.woff2?v=4.7.0’

     0K .......... .......... .......... .......... .......... 66% 2.81M 0s
    50K .......... .......... .....                           100% 59.7M=0.02s

2026-09-06 16:34:12 (4.13 MB/s) - ‘wp-content/plugins/elementor/assets/lib/font-awesome/fonts/fontawesome-webfont.woff2?v=4.7.0’ saved [77160/77160]

--2026-09-06 16:34:12--  https://jazdrm.com/wp-content/plugins/elementor/assets/lib/font-awesome/fonts/fontawesome-webfont.woff?v=4.7.0
Reusing existing connection to jazdrm.com:443.
HTTP request sent, awaiting response... 200 OK
Length: 98024 (96K) [font/woff]
Saving to: ‘wp-content/plugins/elementor/assets/lib/font-awesome/fonts/fontawesome-webfont.woff?v=4.7.0’

     0K .......... .......... .......... .......... .......... 52%  521K 0s
    50K .......... .......... .......... .......... .....     100% 68.3M=0.1s

2026-09-06 16:34:13 (990 KB/s) - ‘wp-content/plugins/elementor/assets/lib/font-awesome/fonts/fontawesome-webfont.woff?v=4.7.0’ saved [98024/98024]

--2026-09-06 16:34:13--  https://jazdrm.com/wp-content/plugins/elementor/assets/lib/font-awesome/fonts/fontawesome-webfont.ttf?v=4.7.0
Reusing existing connection to jazdrm.com:443.
HTTP request sent, awaiting response... 200 OK
Length: 165548 (162K) [font/ttf]
Saving to: ‘wp-content/plugins/elementor/assets/lib/font-awesome/fonts/fontawesome-webfont.ttf?v=4.7.0’

     0K .......... .......... .......... .......... .......... 30% 3.35M 0s
    50K .......... .......... .......... .......... .......... 61% 12.7M 0s
   100K .......... .......... .......... .......... .......... 92% 18.8M 0s
   150K .......... .                                          100% 41.0M=0.02s

2026-09-06 16:34:13 (7.41 MB/s) - ‘wp-content/plugins/elementor/assets/lib/font-awesome/fonts/fontawesome-webfont.ttf?v=4.7.0’ saved [165548/165548]

--2026-09-06 16:34:13--  https://jazdrm.com/wp-content/plugins/elementor/assets/lib/font-awesome/fonts/fontawesome-webfont.svg?v=4.7.0
Reusing existing connection to jazdrm.com:443.
HTTP request sent, awaiting response... 200 OK
Length: 444379 (434K) [image/svg+xml]
Saving to: ‘wp-content/plugins/elementor/assets/lib/font-awesome/fonts/fontawesome-webfont.svg?v=4.7.0’

     0K .......... .......... .......... .......... .......... 11% 7.97M 0s
    50K .......... .......... .......... .......... .......... 23% 13.5M 0s
   100K .......... .......... .......... .......... .......... 34% 12.2M 0s
   150K .......... .......... .......... .......... .......... 46% 12.7M 0s
   200K .......... .......... .......... .......... .......... 57% 21.3M 0s
   250K .......... .......... .......... .......... .......... 69% 4.25M 0s
   300K .......... .......... .......... .......... .......... 80% 8.83M 0s
   350K .......... .......... .......... .......... .......... 92% 12.0M 0s
   400K .......... .......... .......... ...                  100% 49.8M=0.04s

2026-09-06 16:34:14 (10.2 MB/s) - ‘wp-content/plugins/elementor/assets/lib/font-awesome/fonts/fontawesome-webfont.svg?v=4.7.0’ saved [444379/444379]

--2026-09-06 16:34:14--  https://jazdrm.com/wp-content/plugins/happy-elementor-addons/assets/vendor/slick/ajax-loader.gif
Reusing existing connection to jazdrm.com:443.
HTTP request sent, awaiting response... 200 OK
Length: 4178 (4.1K) [image/gif]
Saving to: ‘wp-content/plugins/happy-elementor-addons/assets/vendor/slick/ajax-loader.gif’

     0K ....                                                  100% 1.30G=0s

2026-09-06 16:34:14 (1.30 GB/s) - ‘wp-content/plugins/happy-elementor-addons/assets/vendor/slick/ajax-loader.gif’ saved [4178/4178]

--2026-09-06 16:34:15--  https://jazdrm.com/wp-content/plugins/happy-elementor-addons/assets/vendor/slick/fonts/slick.eot
Reusing existing connection to jazdrm.com:443.
HTTP request sent, awaiting response... 200 OK
Length: 2048 (2.0K) [application/vnd.ms-fontobject]
Saving to: ‘wp-content/plugins/happy-elementor-addons/assets/vendor/slick/fonts/slick.eot’

     0K ..                                                    100%  279M=0s

2026-09-06 16:34:15 (279 MB/s) - ‘wp-content/plugins/happy-elementor-addons/assets/vendor/slick/fonts/slick.eot’ saved [2048/2048]

--2026-09-06 16:34:15--  https://jazdrm.com/wp-content/plugins/happy-elementor-addons/assets/vendor/slick/fonts/slick.eot?
Reusing existing connection to jazdrm.com:443.
HTTP request sent, awaiting response... 200 OK
Length: 2048 (2.0K) [application/vnd.ms-fontobject]
Saving to: ‘wp-content/plugins/happy-elementor-addons/assets/vendor/slick/fonts/slick.eot?’

     0K ..                                                    100%  150M=0s

2026-09-06 16:34:15 (150 MB/s) - ‘wp-content/plugins/happy-elementor-addons/assets/vendor/slick/fonts/slick.eot?’ saved [2048/2048]

--2026-09-06 16:34:15--  https://jazdrm.com/wp-content/plugins/happy-elementor-addons/assets/vendor/slick/fonts/slick.woff
Reusing existing connection to jazdrm.com:443.
HTTP request sent, awaiting response... 200 OK
Length: 1380 (1.3K) [font/woff]
Saving to: ‘wp-content/plugins/happy-elementor-addons/assets/vendor/slick/fonts/slick.woff’

     0K .                                                     100%  439M=0s

2026-09-06 16:34:16 (439 MB/s) - ‘wp-content/plugins/happy-elementor-addons/assets/vendor/slick/fonts/slick.woff’ saved [1380/1380]

--2026-09-06 16:34:16--  https://jazdrm.com/wp-content/plugins/happy-elementor-addons/assets/vendor/slick/fonts/slick.ttf
Reusing existing connection to jazdrm.com:443.
HTTP request sent, awaiting response... 200 OK
Length: 1892 (1.8K) [font/ttf]
Saving to: ‘wp-content/plugins/happy-elementor-addons/assets/vendor/slick/fonts/slick.ttf’

     0K .                                                     100% 54.7M=0s

2026-09-06 16:34:16 (54.7 MB/s) - ‘wp-content/plugins/happy-elementor-addons/assets/vendor/slick/fonts/slick.ttf’ saved [1892/1892]

--2026-09-06 16:34:17--  https://jazdrm.com/wp-content/plugins/happy-elementor-addons/assets/vendor/slick/fonts/slick.svg
Reusing existing connection to jazdrm.com:443.
HTTP request sent, awaiting response... 200 OK
Length: 2166 (2.1K) [image/svg+xml]
Saving to: ‘wp-content/plugins/happy-elementor-addons/assets/vendor/slick/fonts/slick.svg’

     0K ..                                                    100%  344M=0s

2026-09-06 16:34:17 (344 MB/s) - ‘wp-content/plugins/happy-elementor-addons/assets/vendor/slick/fonts/slick.svg’ saved [2166/2166]

--2026-09-06 16:34:17--  https://jazdrm.com/en/wp-json/oembed/1.0/embed?url=https%3A%2F%2Fjazdrm.com%2Fen%2F
Reusing existing connection to jazdrm.com:443.
HTTP request sent, awaiting response... 200 OK
Length: unspecified [application/json]
Saving to: ‘en/wp-json/oembed/1.0/embed?url=https:%2F%2Fjazdrm.com%2Fen%2F’

     0K ..                                                      267M=0s

Last-modified header missing -- time-stamps turned off.
2026-09-06 16:34:18 (267 MB/s) - ‘en/wp-json/oembed/1.0/embed?url=https:%2F%2Fjazdrm.com%2Fen%2F’ saved [2237]

--2026-09-06 16:34:18--  https://jazdrm.com/en/wp-json/oembed/1.0/embed?url=https%3A%2F%2Fjazdrm.com%2Fen%2F&format=xml
Reusing existing connection to jazdrm.com:443.
HTTP request sent, awaiting response... 200 OK
Length: unspecified [text/xml]
Saving to: ‘en/wp-json/oembed/1.0/embed?url=https:%2F%2Fjazdrm.com%2Fen%2F&format=xml’

     0K ..                                                      288M=0s

Last-modified header missing -- time-stamps turned off.
2026-09-06 16:34:19 (288 MB/s) - ‘en/wp-json/oembed/1.0/embed?url=https:%2F%2Fjazdrm.com%2Fen%2F&format=xml’ saved [2412]

--2026-09-06 16:34:20--  https://jazdrm.com/wp-content/litespeed/css/cf75fa90a57e6ddca2ee33ea39cac649.css?ver=edc05
Reusing existing connection to jazdrm.com:443.
HTTP request sent, awaiting response... 200 OK
Length: 750809 (733K) [text/css]
Saving to: ‘wp-content/litespeed/css/cf75fa90a57e6ddca2ee33ea39cac649.css?ver=edc05.css’

     0K .......... .......... .......... .......... ..........  6% 4.29M 0s
    50K .......... .......... .......... .......... .......... 13% 28.7M 0s
   100K .......... .......... .......... .......... .......... 20% 8.38M 0s
   150K .......... .......... .......... .......... .......... 27% 59.0M 0s
   200K .......... .......... .......... .......... .......... 34% 17.7M 0s
   250K .......... .......... .......... .......... .......... 40% 3.33M 0s
   300K .......... .......... .......... .......... .......... 47% 12.7M 0s
   350K .......... .......... .......... .......... .......... 54% 23.4M 0s
   400K .......... .......... .......... .......... .......... 61% 15.6M 0s
   450K .......... .......... .......... .......... .......... 68% 18.6M 0s
   500K .......... .......... .......... .......... .......... 75%  539K 0s
   550K .......... .......... .......... .......... .......... 81% 28.3M 0s
   600K .......... .......... .......... .......... .......... 88% 19.1M 0s
   650K .......... .......... .......... .......... .......... 95% 20.4M 0s
   700K .......... .......... .......... ...                  100% 29.2M=0.1s

2026-09-06 16:34:20 (4.79 MB/s) - ‘wp-content/litespeed/css/cf75fa90a57e6ddca2ee33ea39cac649.css?ver=edc05.css’ saved [750809/750809]

--2026-09-06 16:34:20--  https://jazdrm.com/en/wp-json/
Reusing existing connection to jazdrm.com:443.
HTTP request sent, awaiting response... 200 OK
Length: unspecified [application/json]
Saving to: ‘en/wp-json/index.html’

     0K .......... .......... .......... .......... .......... 6.93M
    50K .......... .......... .......... .......... .......... 6.51M
   100K .......... .......... .......... .......... .......... 12.4M
   150K .......... .......... .......... .......... .......... 7.10M
   200K .......... .......... .......... .......... .......... 3.70M
   250K .......... .......... .......... .......... .......... 20.0M
   300K .......... .......... .......... .......... .......... 16.3M
   350K .......... .......... .......... .......... .......... 17.0M
   400K .......... .......... .......... .......... .......... 15.0M
   450K .......... .......... .......... .......... .......... 2.99M
   500K .......... .......... .......... .......... .......... 26.4M
   550K .......... .......... .......... .......... .......... 4.74M
   600K .......... .......... .......... .......... .......... 10.3M
   650K .......... .......... .......... .......... .......... 40.6M
   700K .......... .......... .......... .......... .......... 17.2M
   750K .......... .......... .......... .......... .......... 19.0M
   800K .......... .......... .......... .......... .......... 4.46M
   850K .......... .......... .......... .......... .......... 83.6M
   900K .......... .......... .......... .......... .......... 8.10M
   950K .......... .......... .......... .......... .......... 6.13M
  1000K .......... .......... .......... .......... .......... 9.02M
  1050K .......... .......... .......... .......... .......... 29.6M
  1100K .......... .......... .......... .......... .......... 2.85M
  1150K .......... .......... .......... .......... .......... 10.0M
  1200K .......... .......... .......... .......... ..........  123M
  1250K .......... .......... .......... .......... .......... 21.0M
  1300K .......... .......... .......... .......... ..........  549K
  1350K .......... .......... .......... .......... .......... 28.4K
  1400K .......... .......... .......... .......... ..........  126K
  1450K .......... .......... .......... .......... ..........  109K
  1500K .......... .......... .......... .......... ..........  122K
  1550K .......... .......... .......                           170K=3.4s

Last-modified header missing -- time-stamps turned off.
2026-09-06 16:34:25 (460 KB/s) - ‘en/wp-json/index.html’ saved [1615527]

--2026-09-06 16:34:25--  https://jazdrm.com/en/wp-json/wp/v2/pages/929
Reusing existing connection to jazdrm.com:443.
HTTP request sent, awaiting response... 200 OK
Length: unspecified [application/json]
Saving to: ‘en/wp-json/wp/v2/pages/929’

     0K .......... .......... .......... .......... .......... 8.56M
    50K .......... .......... .......... .......... .......... 25.5M
   100K ........                                               25.0M=0.008s

Last-modified header missing -- time-stamps turned off.
2026-09-06 16:34:26 (13.3 MB/s) - ‘en/wp-json/wp/v2/pages/929’ saved [110914]

--2026-09-06 16:34:26--  https://jazdrm.com/en/about-us/
Reusing existing connection to jazdrm.com:443.
HTTP request sent, awaiting response... 200 OK
Length: unspecified [text/html]
Saving to: ‘en/about-us/index.html’

     0K .......... .......... .......... .......... .......... 13.8M
    50K .......... .......... .......... .......... .......... 3.25M
   100K .......... .......... .......... ....                  22.4M=0.02s

Last-modified header missing -- time-stamps turned off.
2026-09-06 16:34:28 (6.54 MB/s) - ‘en/about-us/index.html’ saved [137393]

--2026-09-06 16:34:28--  https://jazdrm.com/en/contact-us/
Reusing existing connection to jazdrm.com:443.
HTTP request sent, awaiting response... 200 OK
Length: unspecified [text/html]
Saving to: ‘en/contact-us/index.html’

     0K .......... .......... .......... .......... .......... 31.9M
    50K .......... .......... .......... .......... .......... 44.8M
   100K .......... .......... .......... .......... .......... 30.7M
   150K ....                                                   12.9M=0.005s

Last-modified header missing -- time-stamps turned off.
2026-09-06 16:34:29 (33.3 MB/s) - ‘en/contact-us/index.html’ saved [157889]

--2026-09-06 16:34:30--  https://jazdrm.com/en/service-request/
Reusing existing connection to jazdrm.com:443.
HTTP request sent, awaiting response... 200 OK
Length: unspecified [text/html]
Saving to: ‘en/service-request/index.html’

     0K .......... .......... .......... .......... .......... 26.0M
    50K .......... .......... .......... .......... .......... 47.8M
   100K ........                                               25.9M=0.003s

Last-modified header missing -- time-stamps turned off.
2026-09-06 16:34:30 (32.9 MB/s) - ‘en/service-request/index.html’ saved [111324]

--2026-09-06 16:34:31--  https://jazdrm.com/en/technical-support/
Reusing existing connection to jazdrm.com:443.
HTTP request sent, awaiting response... 200 OK
Length: unspecified [text/html]
Saving to: ‘en/technical-support/index.html’

     0K .......... .......... .......... .......... .......... 8.05M
    50K .......... .......... .......... .......... ..........  518K
   100K .......                                                10.3M=0.1s

Last-modified header missing -- time-stamps turned off.
2026-09-06 16:34:31 (1.02 MB/s) - ‘en/technical-support/index.html’ saved [109850]

--2026-09-06 16:34:32--  https://jazdrm.com/en/job-application/
Reusing existing connection to jazdrm.com:443.
HTTP request sent, awaiting response... 200 OK
Length: unspecified [text/html]
Saving to: ‘en/job-application/index.html’

     0K .......... .......... .......... .......... .......... 7.17M
    50K .......... .......... .......... .......... .......... 17.6M
   100K ......                                                 22.7M=0.01s

Last-modified header missing -- time-stamps turned off.
2026-09-06 16:34:33 (10.6 MB/s) - ‘en/job-application/index.html’ saved [109539]

--2026-09-06 16:34:33--  https://jazdrm.com/en/product-category/%D8%A7%D9%84%D8%AE%D8%B2%D8%A7%D8%A6%D9%86-%D9%88%D8%A7%D9%84%D8%A3%D8%A8%D9%88%D8%A7%D8%A8-%D8%A7%D9%84%D8%A3%D9%85%D9%86%D9%8A%D8%A9/
Reusing existing connection to jazdrm.com:443.
HTTP request sent, awaiting response... 200 OK
Length: unspecified [text/html]
Saving to: ‘en/product-category/الخزائن-والأبواب-الأمنية/index.html’

     0K .......... .......... .......... .......... .......... 3.94M
    50K .......... .......... .......... .......... .......... 13.6M
   100K .......... .......... .......... .......... .......... 25.7M
   150K .......... .......... .......... .......... .......... 16.9M
   200K .......... ...                                         2.41M=0.03s

Last-modified header missing -- time-stamps turned off.
2026-09-06 16:34:34 (7.98 MB/s) - ‘en/product-category/الخزائن-والأبواب-الأمنية/index.html’ saved [218168]

--2026-09-06 16:34:34--  https://jazdrm.com/en/product-category/%D8%A3%D9%86%D8%B8%D9%85%D8%A9-%D8%A7%D9%84%D9%85%D8%B1%D8%A7%D9%82%D8%A8%D8%A9-%D9%88%D8%A7%D9%84%D8%A3%D9%85%D9%86/
Reusing existing connection to jazdrm.com:443.
HTTP request sent, awaiting response... 200 OK
Length: unspecified [text/html]
Saving to: ‘en/product-category/أنظمة-المراقبة-والأمن/index.html’

     0K .......... .......... .......... .......... .......... 7.16M
    50K .......... .......... .......... .......... .......... 2.08M
   100K ...                                                    63.7K=0.03s

Last-modified header missing -- time-stamps turned off.
2026-09-06 16:34:35 (3.32 MB/s) - ‘en/product-category/أنظمة-المراقبة-والأمن/index.html’ saved [105660]

--2026-09-06 16:34:35--  https://jazdrm.com/en/product-category/%D8%A7%D9%84%D8%A3%D9%82%D9%81%D8%A7%D9%84-%D8%A7%D9%84%D8%A3%D9%85%D9%86%D9%8A%D8%A9/
Reusing existing connection to jazdrm.com:443.
HTTP request sent, awaiting response... 200 OK
Length: unspecified [text/html]
Saving to: ‘en/product-category/الأقفال-الأمنية/index.html’

     0K .......... .......... .......... .......... .......... 6.55M
    50K .......... .......... .......... .......... ........   4.85M=0.02s

Last-modified header missing -- time-stamps turned off.
2026-09-06 16:34:36 (5.59 MB/s) - ‘en/product-category/الأقفال-الأمنية/index.html’ saved [101171]

--2026-09-06 16:34:36--  https://jazdrm.com/en/product/%d8%a7%d8%b3%d9%85-%d8%a7%d9%84%d9%85%d9%86%d8%aa%d8%ac-%d9%86%d8%b3%d8%ae%d8%a9-29/
Reusing existing connection to jazdrm.com:443.
HTTP request sent, awaiting response... 200 OK
Length: unspecified [text/html]
Saving to: ‘en/product/اسم-المنتج-نسخة-29/index.html’

     0K .......... .......... .......... .......... .......... 18.2M
    50K .......... .......... .......... .......... .......... 2.81M
   100K .......... .......... .......... ..........            31.2M=0.02s

Last-modified header missing -- time-stamps turned off.
2026-09-06 16:34:37 (6.43 MB/s) - ‘en/product/اسم-المنتج-نسخة-29/index.html’ saved [143574]

--2026-09-06 16:34:37--  https://jazdrm.com/en/product/%d8%a7%d8%b3%d9%85-%d8%a7%d9%84%d9%85%d9%86%d8%aa%d8%ac-%d9%86%d8%b3%d8%ae%d8%a9-38/
Reusing existing connection to jazdrm.com:443.
HTTP request sent, awaiting response... 200 OK
Length: unspecified [text/html]
Saving to: ‘en/product/اسم-المنتج-نسخة-38/index.html’

     0K .......... .......... .......... .......... .......... 2.57M
    50K .......... .......... .......... .......... .......... 28.5M
   100K .......... .......... .......... .......... ..         3.94M=0.03s

Last-modified header missing -- time-stamps turned off.
2026-09-06 16:34:38 (4.46 MB/s) - ‘en/product/اسم-المنتج-نسخة-38/index.html’ saved [145940]

--2026-09-06 16:34:39--  https://jazdrm.com/en/product-category/%d8%a7%d9%84%d8%ae%d8%b2%d8%a7%d8%a6%d9%86-%d9%88%d8%a7%d9%84%d8%a3%d8%a8%d9%88%d8%a7%d8%a8-%d8%a7%d9%84%d8%a3%d9%85%d9%86%d9%8a%d8%a9/safe-lockers/
Reusing existing connection to jazdrm.com:443.
HTTP request sent, awaiting response... 200 OK
Length: unspecified [text/html]
Saving to: ‘en/product-category/الخزائن-والأبواب-الأمنية/safe-lockers/index.html’

     0K .......... .......... .......... .......... .......... 15.6M
    50K .......... .......... .......... .......... .......... 13.7M
   100K .......... .......... .......... .......... ....       14.3M=0.01s

Last-modified header missing -- time-stamps turned off.
2026-09-06 16:34:39 (14.5 MB/s) - ‘en/product-category/الخزائن-والأبواب-الأمنية/safe-lockers/index.html’ saved [147467]

--2026-09-06 16:34:40--  https://jazdrm.com/en/product/%d8%a7%d8%b3%d9%85-%d8%a7%d9%84%d9%85%d9%86%d8%aa%d8%ac-%d9%86%d8%b3%d8%ae%d8%a9-18/
Reusing existing connection to jazdrm.com:443.
HTTP request sent, awaiting response... 200 OK
Length: unspecified [text/html]
Saving to: ‘en/product/اسم-المنتج-نسخة-18/index.html’

     0K .......... .......... .......... .......... .......... 2.66M
    50K .......... .......... .......... .......... .......... 14.2M
   100K .......... .......... .......... .......... ...        13.2M=0.03s

Last-modified header missing -- time-stamps turned off.
2026-09-06 16:34:41 (5.61 MB/s) - ‘en/product/اسم-المنتج-نسخة-18/index.html’ saved [147382]

--2026-09-06 16:34:41--  https://jazdrm.com/en/product/dahua-4mp-ptz-sd3a400-2/
Reusing existing connection to jazdrm.com:443.
HTTP request sent, awaiting response... 200 OK
Length: unspecified [text/html]
Saving to: ‘en/product/dahua-4mp-ptz-sd3a400-2/index.html’

     0K .......... .......... .......... .......... .......... 8.49M
    50K .......... .......... .......... .......... .......... 16.4M
   100K .......... .......... ...                              1.06M=0.03s

Last-modified header missing -- time-stamps turned off.
2026-09-06 16:34:42 (4.01 MB/s) - ‘en/product/dahua-4mp-ptz-sd3a400-2/index.html’ saved [126074]

--2026-09-06 16:34:42--  https://jazdrm.com/en/product/%d8%a7%d8%b3%d9%85-%d8%a7%d9%84%d9%85%d9%86%d8%aa%d8%ac-%d9%86%d8%b3%d8%ae%d8%a9-17/
Reusing existing connection to jazdrm.com:443.
HTTP request sent, awaiting response... 200 OK
Length: unspecified [text/html]
Saving to: ‘en/product/اسم-المنتج-نسخة-17/index.html’

     0K .......... .......... .......... .......... .......... 2.81M
    50K .......... .......... .......... .......... ..........  118M
   100K .......... .......... .......... .......... .          23.2M=0.02s

Last-modified header missing -- time-stamps turned off.
2026-09-06 16:34:43 (7.06 MB/s) - ‘en/product/اسم-المنتج-نسخة-17/index.html’ saved [144649]

--2026-09-06 16:34:43--  https://jazdrm.com/en/product/%d8%a7%d8%b3%d9%85-%d8%a7%d9%84%d9%85%d9%86%d8%aa%d8%ac-%d9%86%d8%b3%d8%ae%d8%a9-13/
Reusing existing connection to jazdrm.com:443.
HTTP request sent, awaiting response... 200 OK
Length: unspecified [text/html]
Saving to: ‘en/product/اسم-المنتج-نسخة-13/index.html’

     0K .......... .......... .......... .......... .......... 3.66M
    50K .......... .......... .......... .......... ..........  157M
   100K .......... .......... .......... .......... ......     7.68M=0.02s

Last-modified header missing -- time-stamps turned off.
2026-09-06 16:34:44 (7.31 MB/s) - ‘en/product/اسم-المنتج-نسخة-13/index.html’ saved [150384]

--2026-09-06 16:34:44--  https://jazdrm.com/en/product/%d8%a7%d8%b3%d9%85-%d8%a7%d9%84%d9%85%d9%86%d8%aa%d8%ac-%d9%86%d8%b3%d8%ae%d8%a9-16/
Reusing existing connection to jazdrm.com:443.
HTTP request sent, awaiting response... 200 OK
Length: unspecified [text/html]
Saving to: ‘en/product/اسم-المنتج-نسخة-16/index.html’

     0K .......... .......... .......... .......... .......... 5.15M
    50K .......... .......... .......... .......... .......... 3.19M
   100K .......... .......... .......... .......... .......    27.9M=0.03s

Last-modified header missing -- time-stamps turned off.
2026-09-06 16:34:45 (5.44 MB/s) - ‘en/product/اسم-المنتج-نسخة-16/index.html’ saved [150796]

--2026-09-06 16:34:45--  https://jazdrm.com/en/product/%d8%a7%d8%b3%d9%85-%d8%a7%d9%84%d9%85%d9%86%d8%aa%d8%ac-%d9%86%d8%b3%d8%ae%d8%a9-2/
Reusing existing connection to jazdrm.com:443.
HTTP request sent, awaiting response... 200 OK
Length: unspecified [text/html]
Saving to: ‘en/product/اسم-المنتج-نسخة-2/index.html’

     0K .......... .......... .......... .......... .......... 20.2M
    50K .......... .......... .......... .......... .......... 41.5M
   100K .......... .......... .......... .......... .....      7.48M=0.01s

Last-modified header missing -- time-stamps turned off.
2026-09-06 16:34:46 (14.9 MB/s) - ‘en/product/اسم-المنتج-نسخة-2/index.html’ saved [148737]

--2026-09-06 16:34:47--  https://jazdrm.com/en/product/jb-001/
Reusing existing connection to jazdrm.com:443.
HTTP request sent, awaiting response... 200 OK
Length: unspecified [text/html]
Saving to: ‘en/product/jb-001/index.html’

     0K .......... .......... .......... .......... .......... 5.18M
    50K .......... .......... .......... .......... .......... 40.7M
   100K .......... .......... .......... .......... ..         7.27M=0.02s

Last-modified header missing -- time-stamps turned off.
2026-09-06 16:34:47 (8.52 MB/s) - ‘en/product/jb-001/index.html’ saved [146120]

--2026-09-06 16:34:48--  https://jazdrm.com/en/product/%d8%a7%d8%b3%d9%85-%d8%a7%d9%84%d9%85%d9%86%d8%aa%d8%ac-%d9%86%d8%b3%d8%ae%d8%a9-28/
Reusing existing connection to jazdrm.com:443.
HTTP request sent, awaiting response... 200 OK
Length: unspecified [text/html]
Saving to: ‘en/product/اسم-المنتج-نسخة-28/index.html’

     0K .......... .......... .......... .......... .......... 54.1M
    50K .......... .......... .......... .......... .......... 10.1M
   100K .......... .......... .......... .......... .......... 28.5M
   150K ....                                                   20.0M=0.008s

Last-modified header missing -- time-stamps turned off.
2026-09-06 16:34:49 (19.6 MB/s) - ‘en/product/اسم-المنتج-نسخة-28/index.html’ saved [158289]

--2026-09-06 16:34:49--  https://jazdrm.com/en/product/%d8%a7%d8%b3%d9%85-%d8%a7%d9%84%d9%85%d9%86%d8%aa%d8%ac-%d9%86%d8%b3%d8%ae%d8%a9-7/
Reusing existing connection to jazdrm.com:443.
HTTP request sent, awaiting response... 200 OK
Length: unspecified [text/html]
Saving to: ‘en/product/اسم-المنتج-نسخة-7/index.html’

     0K .......... .......... .......... .......... .......... 3.56M
    50K .......... .......... .......... .......... .......... 22.0M
   100K .......... .......... .......... .......... .........  44.8M=0.02s

Last-modified header missing -- time-stamps turned off.
2026-09-06 16:34:50 (8.60 MB/s) - ‘en/product/اسم-المنتج-نسخة-7/index.html’ saved [153337]

--2026-09-06 16:34:50--  https://jazdrm.com/en/product-category/uncategorized/
Reusing existing connection to jazdrm.com:443.
HTTP request sent, awaiting response... 200 OK
Length: unspecified [text/html]
Saving to: ‘en/product-category/uncategorized/index.html’

     0K .......... .......... .......... .......... .......... 3.13M
    50K .......... .......... .......... .......... ........   14.8M=0.02s

Last-modified header missing -- time-stamps turned off.
2026-09-06 16:34:51 (5.11 MB/s) - ‘en/product-category/uncategorized/index.html’ saved [100726]

--2026-09-06 16:34:51--  https://jazdrm.com/en/product-category/safety-deposit-lockers/
Connecting to jazdrm.com (jazdrm.com)|67.20.114.128|:443... connected.
HTTP request sent, awaiting response... 200 OK
Length: unspecified [text/html]
Saving to: ‘en/product-category/safety-deposit-lockers/index.html’

     0K .......... .......... .......... .......... ..........  128K
    50K .......... .......... .......... .......... ..........  216K
   100K ..                                                     56.1K=0.6s

Last-modified header missing -- time-stamps turned off.
2026-09-06 16:34:53 (165 KB/s) - ‘en/product-category/safety-deposit-lockers/index.html’ saved [105272]

--2026-09-06 16:34:54--  http://jazdrm.com/en/
Connecting to jazdrm.com (jazdrm.com)|67.20.114.128|:80... connected.
HTTP request sent, awaiting response... 301 Moved Permanently
Location: https://jazdrm.com/en/ [following]
--2026-09-06 16:34:55--  https://jazdrm.com/en/
Connecting to jazdrm.com (jazdrm.com)|67.20.114.128|:443... connected.
HTTP request sent, awaiting response... 200 OK
Length: unspecified [text/html]
Saving to: ‘en/index.html’

     0K .......... .......... .......... .......... ..........  108K
    50K .......... .......... .......... .......... ..........  278K
   100K .......... .......... .......... .......... .......... 2.26M
   150K .......... .......... .......... .......... ..........  301K
   200K .......... .......... ...                              3.81M=0.8s

Last-modified header missing -- time-stamps turned off.
2026-09-06 16:34:57 (266 KB/s) - ‘en/index.html’ saved [228464]

--2026-09-06 16:34:57--  https://jazdrm.com/en/privacy-policy/
Reusing existing connection to jazdrm.com:443.
HTTP request sent, awaiting response... 200 OK
Length: unspecified [text/html]
Saving to: ‘en/privacy-policy/index.html’

     0K .......... .......... .......... .......... .......... 3.73M
    50K .......... .......... .......... .......... .......... 90.1M
   100K .......... .......... .....                            1.33M=0.03s

Last-modified header missing -- time-stamps turned off.
2026-09-06 16:34:59 (3.78 MB/s) - ‘en/privacy-policy/index.html’ saved [128607]

--2026-09-06 16:34:59--  https://jazdrm.com/en/terms-and-conditions/
Reusing existing connection to jazdrm.com:443.
HTTP request sent, awaiting response... 200 OK
Length: unspecified [text/html]
Saving to: ‘en/terms-and-conditions/index.html’

     0K .......... .......... .......... .......... .......... 8.79M
    50K .......... .......... .......... .......... .......... 5.36M
   100K .......... .......... ......                           14.0M=0.02s

Last-modified header missing -- time-stamps turned off.
2026-09-06 16:35:00 (7.48 MB/s) - ‘en/terms-and-conditions/index.html’ saved [129539]

--2026-09-06 16:35:00--  https://jazdrm.com/en
Reusing existing connection to jazdrm.com:443.
HTTP request sent, awaiting response... 301 Moved Permanently
Location: https://jazdrm.com/en/ [following]
--2026-09-06 16:35:01--  https://jazdrm.com/en/
Reusing existing connection to jazdrm.com:443.
HTTP request sent, awaiting response... 200 OK
Length: unspecified [text/html]
Saving to: ‘en.html’

     0K .......... .......... .......... .......... .......... 13.8M
    50K .......... .......... .......... .......... .......... 45.4M
   100K .......... .......... .......... .......... .......... 48.3M
   150K .......... .......... .......... .......... .......... 18.3M
   200K .......... .......... ...                              41.0M=0.009s

Last-modified header missing -- time-stamps turned off.
2026-09-06 16:35:03 (24.6 MB/s) - ‘en.html’ saved [228464]

--2026-09-06 16:35:03--  https://jazdrm.com/wp-json/oembed/1.0/embed?url=https%3A%2F%2Fjazdrm.com%2Fabout-us%2F
Reusing existing connection to jazdrm.com:443.
HTTP request sent, awaiting response... 200 OK
Length: unspecified [application/json]
Saving to: ‘wp-json/oembed/1.0/embed?url=https:%2F%2Fjazdrm.com%2Fabout-us%2F’

     0K ..                                                      747M=0s

Last-modified header missing -- time-stamps turned off.
2026-09-06 16:35:04 (747 MB/s) - ‘wp-json/oembed/1.0/embed?url=https:%2F%2Fjazdrm.com%2Fabout-us%2F’ saved [2350]

--2026-09-06 16:35:04--  https://jazdrm.com/wp-json/oembed/1.0/embed?url=https%3A%2F%2Fjazdrm.com%2Fabout-us%2F&format=xml
Reusing existing connection to jazdrm.com:443.
HTTP request sent, awaiting response... 200 OK
Length: unspecified [text/xml]
Saving to: ‘wp-json/oembed/1.0/embed?url=https:%2F%2Fjazdrm.com%2Fabout-us%2F&format=xml’

     0K ..                                                     27.6M=0s

Last-modified header missing -- time-stamps turned off.
2026-09-06 16:35:06 (27.6 MB/s) - ‘wp-json/oembed/1.0/embed?url=https:%2F%2Fjazdrm.com%2Fabout-us%2F&format=xml’ saved [2549]

--2026-09-06 16:35:06--  https://jazdrm.com/wp-content/litespeed/css/5fdbd7d23ec714e0ece96ff7cc4aa377.css?ver=edc05
Reusing existing connection to jazdrm.com:443.
HTTP request sent, awaiting response... 200 OK
Length: 652926 (638K) [text/css]
Saving to: ‘wp-content/litespeed/css/5fdbd7d23ec714e0ece96ff7cc4aa377.css?ver=edc05.css’

     0K .......... .......... .......... .......... ..........  7% 89.9M 0s
    50K .......... .......... .......... .......... .......... 15% 90.9M 0s
   100K .......... .......... .......... .......... .......... 23% 87.0M 0s
   150K .......... .......... .......... .......... .......... 31% 37.9M 0s
   200K .......... .......... .......... .......... .......... 39% 88.0M 0s
   250K .......... .......... .......... .......... .......... 47% 31.1M 0s
   300K .......... .......... .......... .......... .......... 54% 19.3M 0s
   350K .......... .......... .......... .......... .......... 62% 36.5M 0s
   400K .......... .......... .......... .......... .......... 70% 26.3M 0s
   450K .......... .......... .......... .......... .......... 78%  269K 0s
   500K .......... .......... .......... .......... .......... 86% 3.07M 0s
   550K .......... .......... .......... .......... .......... 94% 29.0M 0s
   600K .......... .......... .......... .......              100%  111M=0.2s

2026-09-06 16:35:06 (2.90 MB/s) - ‘wp-content/litespeed/css/5fdbd7d23ec714e0ece96ff7cc4aa377.css?ver=edc05.css’ saved [652926/652926]

--2026-09-06 16:35:07--  https://jazdrm.com/wp-json/wp/v2/pages/931
Reusing existing connection to jazdrm.com:443.
HTTP request sent, awaiting response... 200 OK
Length: unspecified [application/json]
Saving to: ‘wp-json/wp/v2/pages/931’

     0K .......... ..........                                  93.3M=0s

Last-modified header missing -- time-stamps turned off.
2026-09-06 16:35:08 (93.3 MB/s) - ‘wp-json/wp/v2/pages/931’ saved [20537]

--2026-09-06 16:35:09--  https://jazdrm.com/?p=931
Reusing existing connection to jazdrm.com:443.
HTTP request sent, awaiting response... 301 Moved Permanently
Location: https://jazdrm.com/about-us/ [following]
--2026-09-06 16:35:10--  https://jazdrm.com/about-us/
Reusing existing connection to jazdrm.com:443.
HTTP request sent, awaiting response... 200 OK
Length: unspecified [text/html]
Saving to: ‘index.html?p=931.html’

     0K .......... .......... .......... .......... .......... 8.10M
    50K .......... .......... .......... .......... .......... 41.3M
   100K .......... .......... .......... ...                   2.18M=0.02s

Last-modified header missing -- time-stamps turned off.
2026-09-06 16:35:11 (5.86 MB/s) - ‘index.html?p=931.html’ saved [136771]

--2026-09-06 16:35:11--  https://jazdrm.com/wp-content/uploads/2025/08/20230629_138d86412a00a28a_417731371385_mp4_264_hd_unlimit_taobao.mp4
Reusing existing connection to jazdrm.com:443.
HTTP request sent, awaiting response... 200 OK
Length: 4952689 (4.7M) [video/mp4]
Saving to: ‘wp-content/uploads/2025/08/20230629_138d86412a00a28a_417731371385_mp4_264_hd_unlimit_taobao.mp4’

     0K .......... .......... .......... .......... ..........  1% 31.8M 0s
    50K .......... .......... .......... .......... ..........  2%  187M 0s
   100K .......... .......... .......... .......... ..........  3%  258M 0s
   150K .......... .......... .......... .......... ..........  4% 13.0M 0s
   200K .......... .......... .......... .......... ..........  5% 6.99M 0s
   250K .......... .......... .......... .......... ..........  6%  298M 0s
   300K .......... .......... .......... .......... ..........  7% 25.8M 0s
   350K .......... .......... .......... .......... ..........  8%  287M 0s
   400K .......... .......... .......... .......... ..........  9% 11.7M 0s
   450K .......... .......... .......... .......... .......... 10% 4.30M 0s
   500K .......... .......... .......... .......... .......... 11% 13.7M 0s
   550K .......... .......... .......... .......... .......... 12% 23.1M 0s
   600K .......... .......... .......... .......... .......... 13% 3.81M 0s
   650K .......... .......... .......... .......... .......... 14%  291M 0s
   700K .......... .......... .......... .......... .......... 15% 9.55M 0s
   750K .......... .......... .......... .......... .......... 16% 11.6M 0s
   800K .......... .......... .......... .......... .......... 17% 3.04M 0s
   850K .......... .......... .......... .......... .......... 18% 29.0M 0s
   900K .......... .......... .......... .......... .......... 19% 21.1M 0s
   950K .......... .......... .......... .......... .......... 20%  373K 1s
  1000K .......... .......... .......... .......... .......... 21% 73.1M 1s
  1050K .......... .......... .......... .......... .......... 22% 22.8M 1s
  1100K .......... .......... .......... .......... .......... 23% 17.8M 1s
  1150K .......... .......... .......... .......... .......... 24% 26.7M 1s
  1200K .......... .......... .......... .......... .......... 25% 7.07M 1s
  1250K .......... .......... .......... .......... .......... 26% 6.87M 1s
  1300K .......... .......... .......... .......... .......... 27% 9.66M 1s
  1350K .......... .......... .......... .......... .......... 28% 9.03M 1s
  1400K .......... .......... .......... .......... .......... 29% 9.93M 1s
  1450K .......... .......... .......... .......... .......... 31% 13.6M 1s
  1500K .......... .......... .......... .......... .......... 32% 6.06M 1s
  1550K .......... .......... .......... .......... .......... 33% 3.03M 1s
  1600K .......... .......... .......... .......... .......... 34% 15.9M 1s
  1650K .......... .......... .......... .......... .......... 35% 17.1M 1s
  1700K .......... .......... .......... .......... .......... 36% 29.0M 1s
  1750K .......... .......... .......... .......... .......... 37% 15.0M 0s
  1800K .......... .......... .......... .......... .......... 38% 3.87M 0s
  1850K .......... .......... .......... .......... .......... 39%  114M 0s
  1900K .......... .......... .......... .......... .......... 40% 12.7M 0s
  1950K .......... .......... .......... .......... .......... 41%  590K 1s
  2000K .......... .......... .......... .......... .......... 42% 3.31M 1s
  2050K .......... .......... .......... .......... .......... 43% 7.93M 1s
  2100K .......... .......... .......... .......... .......... 44% 3.08M 1s
  2150K .......... .......... .......... .......... .......... 45% 23.9M 1s
  2200K .......... .......... .......... .......... .......... 46%  257M 0s
  2250K .......... .......... .......... .......... .......... 47%  521K 1s
  2300K .......... .......... .......... .......... .......... 48% 39.6M 1s
  2350K .......... .......... .......... .......... .......... 49% 21.3M 1s
  2400K .......... .......... .......... .......... .......... 50% 74.0M 1s
  2450K .......... .......... .......... .......... .......... 51% 18.8M 0s
  2500K .......... .......... .......... .......... .......... 52% 23.1M 0s
  2550K .......... .......... .......... .......... .......... 53%  301M 0s
  2600K .......... .......... .......... .......... .......... 54% 18.0M 0s
  2650K .......... .......... .......... .......... .......... 55% 18.1M 0s
  2700K .......... .......... .......... .......... .......... 56%  222M 0s
  2750K .......... .......... .......... .......... .......... 57% 31.6M 0s
  2800K .......... .......... .......... .......... .......... 58% 11.4M 0s
  2850K .......... .......... .......... .......... .......... 59%  254M 0s
  2900K .......... .......... .......... .......... .......... 60%  305M 0s
  2950K .......... .......... .......... .......... .......... 62% 13.3M 0s
  3000K .......... .......... .......... .......... .......... 63%  254M 0s
  3050K .......... .......... .......... .......... .......... 64%  203M 0s
  3100K .......... .......... .......... .......... .......... 65%  990K 0s
  3150K .......... .......... .......... .......... .......... 66% 9.34M 0s
  3200K .......... .......... .......... .......... .......... 67% 2.43M 0s
  3250K .......... .......... .......... .......... .......... 68% 25.4M 0s
  3300K .......... .......... .......... .......... .......... 69% 18.8M 0s
  3350K .......... .......... .......... .......... .......... 70%  521K 0s
  3400K .......... .......... .......... .......... .......... 71% 24.4M 0s
  3450K .......... .......... .......... .......... .......... 72% 21.3M 0s
  3500K .......... .......... .......... .......... .......... 73% 4.06M 0s
  3550K .......... .......... .......... .......... .......... 74% 96.3M 0s
  3600K .......... .......... .......... .......... .......... 75% 9.53M 0s
  3650K .......... .......... .......... .......... .......... 76%  115M 0s
  3700K .......... .......... .......... .......... .......... 77% 3.28M 0s
  3750K .......... .......... .......... .......... .......... 78% 81.5M 0s
  3800K .......... .......... .......... .......... .......... 79% 26.0M 0s
  3850K .......... .......... .......... .......... .......... 80% 20.3M 0s
  3900K .......... .......... .......... .......... .......... 81% 3.93M 0s
  3950K .......... .......... .......... .......... .......... 82% 35.4M 0s
  4000K .......... .......... .......... .......... .......... 83% 8.11M 0s
  4050K .......... .......... .......... .......... .......... 84% 4.17M 0s
  4100K .......... .......... .......... .......... .......... 85% 25.8M 0s
  4150K .......... .......... .......... .......... .......... 86% 19.1M 0s
  4200K .......... .......... .......... .......... .......... 87% 6.94M 0s
  4250K .......... .......... .......... .......... .......... 88% 3.20M 0s
  4300K .......... .......... .......... .......... .......... 89%  136M 0s
  4350K .......... .......... .......... .......... .......... 90% 24.2M 0s
  4400K .......... .......... .......... .......... .......... 92% 3.95M 0s
  4450K .......... .......... .......... .......... .......... 93% 93.7M 0s
  4500K .......... .......... .......... .......... .......... 94%  627K 0s
  4550K .......... .......... .......... .......... .......... 95% 13.8M 0s
  4600K .......... .......... .......... .......... .......... 96% 20.3M 0s
  4650K .......... .......... .......... .......... .......... 97% 11.3M 0s
  4700K .......... .......... .......... .......... .......... 98% 3.70M 0s
  4750K .......... .......... .......... .......... .......... 99% 11.4M 0s
  4800K .......... .......... .......... ......               100% 61.3M=0.9s

2026-09-06 16:35:12 (4.97 MB/s) - ‘wp-content/uploads/2025/08/20230629_138d86412a00a28a_417731371385_mp4_264_hd_unlimit_taobao.mp4’ saved [4952689/4952689]

--2026-09-06 16:35:13--  https://jazdrm.com/wp-json/oembed/1.0/embed?url=https%3A%2F%2Fjazdrm.com%2Fcontact-us%2F
Reusing existing connection to jazdrm.com:443.
HTTP request sent, awaiting response... 200 OK
Length: unspecified [application/json]
Saving to: ‘wp-json/oembed/1.0/embed?url=https:%2F%2Fjazdrm.com%2Fcontact-us%2F’

     0K ..                                                      207M=0s

Last-modified header missing -- time-stamps turned off.
2026-09-06 16:35:14 (207 MB/s) - ‘wp-json/oembed/1.0/embed?url=https:%2F%2Fjazdrm.com%2Fcontact-us%2F’ saved [2390]

--2026-09-06 16:35:14--  https://jazdrm.com/wp-json/oembed/1.0/embed?url=https%3A%2F%2Fjazdrm.com%2Fcontact-us%2F&format=xml
Reusing existing connection to jazdrm.com:443.
HTTP request sent, awaiting response... 200 OK
Length: unspecified [text/xml]
Saving to: ‘wp-json/oembed/1.0/embed?url=https:%2F%2Fjazdrm.com%2Fcontact-us%2F&format=xml’

     0K ..                                                     79.8M=0s

Last-modified header missing -- time-stamps turned off.
2026-09-06 16:35:17 (79.8 MB/s) - ‘wp-json/oembed/1.0/embed?url=https:%2F%2Fjazdrm.com%2Fcontact-us%2F&format=xml’ saved [2595]

--2026-09-06 16:35:17--  https://jazdrm.com/wp-content/litespeed/css/2dbb4e7c8e3c717ccd00fbfbee2c17c3.css?ver=edc05
Reusing existing connection to jazdrm.com:443.
HTTP request sent, awaiting response... 200 OK
Length: 696401 (680K) [text/css]
Saving to: ‘wp-content/litespeed/css/2dbb4e7c8e3c717ccd00fbfbee2c17c3.css?ver=edc05.css’

     0K .......... .......... .......... .......... ..........  7% 4.58M 0s
    50K .......... .......... .......... .......... .......... 14% 15.0M 0s
   100K .......... .......... .......... .......... .......... 22% 23.3M 0s
   150K .......... .......... .......... .......... .......... 29% 26.1M 0s
   200K .......... .......... .......... .......... .......... 36% 14.8M 0s
   250K .......... .......... .......... .......... .......... 44% 1.74M 0s
   300K .......... .......... .......... .......... .......... 51% 4.72M 0s
   350K .......... .......... .......... .......... .......... 58% 19.1M 0s
   400K .......... .......... .......... .......... .......... 66% 52.1M 0s
   450K .......... .......... .......... .......... .......... 73% 36.6M 0s
   500K .......... .......... .......... .......... .......... 80% 17.0M 0s
   550K .......... .......... .......... .......... .......... 88% 7.37M 0s
   600K .......... .......... .......... .......... .......... 95% 13.4M 0s
   650K .......... .......... ..........                      100% 59.9M=0.08s

2026-09-06 16:35:17 (8.50 MB/s) - ‘wp-content/litespeed/css/2dbb4e7c8e3c717ccd00fbfbee2c17c3.css?ver=edc05.css’ saved [696401/696401]

--2026-09-06 16:35:18--  https://jazdrm.com/wp-json/wp/v2/pages/933
Reusing existing connection to jazdrm.com:443.
HTTP request sent, awaiting response... 200 OK
Length: unspecified [application/json]
Saving to: ‘wp-json/wp/v2/pages/933’

     0K .......... .......... .......... .......... ...        3.55M=0.01s

Last-modified header missing -- time-stamps turned off.
2026-09-06 16:35:21 (3.55 MB/s) - ‘wp-json/wp/v2/pages/933’ saved [44104]

--2026-09-06 16:35:21--  https://jazdrm.com/?p=933
Reusing existing connection to jazdrm.com:443.
HTTP request sent, awaiting response... 301 Moved Permanently
Location: https://jazdrm.com/contact-us/ [following]
--2026-09-06 16:35:23--  https://jazdrm.com/contact-us/
Reusing existing connection to jazdrm.com:443.
HTTP request sent, awaiting response... 200 OK
Length: unspecified [text/html]
Saving to: ‘index.html?p=933.html’

     0K .......... .......... .......... .......... .......... 1.25M
    50K .......... .......... .......... .......... .......... 10.2M
   100K .......... .......... .......... .......... .......... 10.4M
   150K ...                                                    13.2M=0.05s

Last-modified header missing -- time-stamps turned off.
2026-09-06 16:35:26 (3.07 MB/s) - ‘index.html?p=933.html’ saved [157459]

--2026-09-06 16:35:26--  https://jazdrm.com/wp-json/oembed/1.0/embed?url=https%3A%2F%2Fjazdrm.com%2Fservice-request%2F
Reusing existing connection to jazdrm.com:443.
HTTP request sent, awaiting response... 200 OK
Length: unspecified [application/json]
Saving to: ‘wp-json/oembed/1.0/embed?url=https:%2F%2Fjazdrm.com%2Fservice-request%2F’

     0K ..                                                      109M=0s

Last-modified header missing -- time-stamps turned off.
2026-09-06 16:35:28 (109 MB/s) - ‘wp-json/oembed/1.0/embed?url=https:%2F%2Fjazdrm.com%2Fservice-request%2F’ saved [2400]

--2026-09-06 16:35:29--  https://jazdrm.com/wp-json/oembed/1.0/embed?url=https%3A%2F%2Fjazdrm.com%2Fservice-request%2F&format=xml
Reusing existing connection to jazdrm.com:443.
HTTP request sent, awaiting response... 200 OK
Length: unspecified [text/xml]
Saving to: ‘wp-json/oembed/1.0/embed?url=https:%2F%2Fjazdrm.com%2Fservice-request%2F&format=xml’

     0K ..                                                      355M=0s

Last-modified header missing -- time-stamps turned off.
2026-09-06 16:35:31 (355 MB/s) - ‘wp-json/oembed/1.0/embed?url=https:%2F%2Fjazdrm.com%2Fservice-request%2F&format=xml’ saved [2605]

--2026-09-06 16:35:32--  https://jazdrm.com/wp-content/litespeed/css/8fc22f63b72064d0ec4ba6c12cabe900.css?ver=edc05
Reusing existing connection to jazdrm.com:443.
HTTP request sent, awaiting response... 200 OK
Length: 474397 (463K) [text/css]
Saving to: ‘wp-content/litespeed/css/8fc22f63b72064d0ec4ba6c12cabe900.css?ver=edc05.css’

     0K .......... .......... .......... .......... .......... 10% 2.94M 0s
    50K .......... .......... .......... .......... .......... 21% 96.7M 0s
   100K .......... .......... .......... .......... .......... 32% 48.1M 0s
   150K .......... .......... .......... .......... .......... 43% 22.0M 0s
   200K .......... .......... .......... .......... .......... 53% 2.98M 0s
   250K .......... .......... .......... .......... .......... 64% 8.02M 0s
   300K .......... .......... .......... .......... .......... 75% 54.1M 0s
   350K .......... .......... .......... .......... .......... 86% 45.2M 0s
   400K .......... .......... .......... .......... .......... 97% 12.7M 0s
   450K .......... ...                                        100% 58.7M=0.05s

2026-09-06 16:35:32 (9.26 MB/s) - ‘wp-content/litespeed/css/8fc22f63b72064d0ec4ba6c12cabe900.css?ver=edc05.css’ saved [474397/474397]

--2026-09-06 16:35:32--  https://jazdrm.com/wp-json/wp/v2/pages/2418
Reusing existing connection to jazdrm.com:443.
HTTP request sent, awaiting response... 200 OK
Length: unspecified [application/json]
Saving to: ‘wp-json/wp/v2/pages/2418’

     0K .......... .                                           43.1M=0s

Last-modified header missing -- time-stamps turned off.
2026-09-06 16:35:35 (43.1 MB/s) - ‘wp-json/wp/v2/pages/2418’ saved [11922]

--2026-09-06 16:35:35--  https://jazdrm.com/?p=2418
Reusing existing connection to jazdrm.com:443.
HTTP request sent, awaiting response... 301 Moved Permanently
Location: https://jazdrm.com/service-request/ [following]
--2026-09-06 16:35:37--  https://jazdrm.com/service-request/
Reusing existing connection to jazdrm.com:443.
HTTP request sent, awaiting response... 200 OK
Length: unspecified [text/html]
Saving to: ‘index.html?p=2418.html’

     0K .......... .......... .......... .......... .......... 6.64M
    50K .......... .......... .......... .......... .......... 2.22M
   100K .......                                                18.6M=0.03s

Last-modified header missing -- time-stamps turned off.
2026-09-06 16:35:39 (3.53 MB/s) - ‘index.html?p=2418.html’ saved [109797]

--2026-09-06 16:35:40--  https://jazdrm.com/wp-json/oembed/1.0/embed?url=https%3A%2F%2Fjazdrm.com%2Ftechnical-support%2F
Reusing existing connection to jazdrm.com:443.
HTTP request sent, awaiting response... 200 OK
Length: unspecified [application/json]
Saving to: ‘wp-json/oembed/1.0/embed?url=https:%2F%2Fjazdrm.com%2Ftechnical-support%2F’

     0K ..                                                      166M=0s

Last-modified header missing -- time-stamps turned off.
2026-09-06 16:35:42 (166 MB/s) - ‘wp-json/oembed/1.0/embed?url=https:%2F%2Fjazdrm.com%2Ftechnical-support%2F’ saved [2443]

--2026-09-06 16:35:42--  https://jazdrm.com/wp-json/oembed/1.0/embed?url=https%3A%2F%2Fjazdrm.com%2Ftechnical-support%2F&format=xml
Reusing existing connection to jazdrm.com:443.
HTTP request sent, awaiting response... 200 OK
Length: unspecified [text/xml]
Saving to: ‘wp-json/oembed/1.0/embed?url=https:%2F%2Fjazdrm.com%2Ftechnical-support%2F&format=xml’

     0K ..                                                      253M=0s

Last-modified header missing -- time-stamps turned off.
2026-09-06 16:35:45 (253 MB/s) - ‘wp-json/oembed/1.0/embed?url=https:%2F%2Fjazdrm.com%2Ftechnical-support%2F&format=xml’ saved [2654]

--2026-09-06 16:35:45--  https://jazdrm.com/wp-json/wp/v2/pages/11
Reusing existing connection to jazdrm.com:443.
HTTP request sent, awaiting response... 200 OK
Length: unspecified [application/json]
Saving to: ‘wp-json/wp/v2/pages/11’

     0K .........                                              2.12M=0.005s

Last-modified header missing -- time-stamps turned off.
2026-09-06 16:35:47 (2.12 MB/s) - ‘wp-json/wp/v2/pages/11’ saved [10174]

--2026-09-06 16:35:48--  https://jazdrm.com/?p=11
Reusing existing connection to jazdrm.com:443.
HTTP request sent, awaiting response... 301 Moved Permanently
Location: https://jazdrm.com/technical-support/ [following]
--2026-09-06 16:35:50--  https://jazdrm.com/technical-support/
Reusing existing connection to jazdrm.com:443.
HTTP request sent, awaiting response... 200 OK
Length: unspecified [text/html]
Saving to: ‘index.html?p=11.html’

     0K .......... .......... .......... .......... .......... 26.3M
    50K .......... .......... .......... .......... .......... 11.2M
   100K .....                                                  10.6M=0.007s

Last-modified header missing -- time-stamps turned off.
2026-09-06 16:35:50 (15.3 MB/s) - ‘index.html?p=11.html’ saved [108322]

--2026-09-06 16:35:51--  https://jazdrm.com/wp-json/oembed/1.0/embed?url=https%3A%2F%2Fjazdrm.com%2Fjob-application%2F
Reusing existing connection to jazdrm.com:443.
HTTP request sent, awaiting response... 200 OK
Length: unspecified [application/json]
Saving to: ‘wp-json/oembed/1.0/embed?url=https:%2F%2Fjazdrm.com%2Fjob-application%2F’

     0K ..                                                     62.3M=0s

Last-modified header missing -- time-stamps turned off.
2026-09-06 16:35:53 (62.3 MB/s) - ‘wp-json/oembed/1.0/embed?url=https:%2F%2Fjazdrm.com%2Fjob-application%2F’ saved [2418]

--2026-09-06 16:35:53--  https://jazdrm.com/wp-json/oembed/1.0/embed?url=https%3A%2F%2Fjazdrm.com%2Fjob-application%2F&format=xml
Reusing existing connection to jazdrm.com:443.
HTTP request sent, awaiting response... 200 OK
Length: unspecified [text/xml]
Saving to: ‘wp-json/oembed/1.0/embed?url=https:%2F%2Fjazdrm.com%2Fjob-application%2F&format=xml’

     0K ..                                                     54.4M=0s

Last-modified header missing -- time-stamps turned off.
2026-09-06 16:35:56 (54.4 MB/s) - ‘wp-json/oembed/1.0/embed?url=https:%2F%2Fjazdrm.com%2Fjob-application%2F&format=xml’ saved [2626]

--2026-09-06 16:35:56--  https://jazdrm.com/wp-json/wp/v2/pages/1481
Reusing existing connection to jazdrm.com:443.
HTTP request sent, awaiting response... 200 OK
Length: unspecified [application/json]
Saving to: ‘wp-json/wp/v2/pages/1481’

     0K .........                                               102K=0.09s

Last-modified header missing -- time-stamps turned off.
2026-09-06 16:35:59 (102 KB/s) - ‘wp-json/wp/v2/pages/1481’ saved [9458]

--2026-09-06 16:35:59--  https://jazdrm.com/?p=1481
Reusing existing connection to jazdrm.com:443.
HTTP request sent, awaiting response... 301 Moved Permanently
Location: https://jazdrm.com/job-application/ [following]
--2026-09-06 16:36:01--  https://jazdrm.com/job-application/
Reusing existing connection to jazdrm.com:443.
HTTP request sent, awaiting response... 200 OK
Length: unspecified [text/html]
Saving to: ‘index.html?p=1481.html’

     0K .......... .......... .......... .......... .......... 10.8M
    50K .......... .......... .......... .......... .......... 2.82M
   100K .....                                                  44.2M=0.02s

Last-modified header missing -- time-stamps turned off.
2026-09-06 16:36:04 (4.69 MB/s) - ‘index.html?p=1481.html’ saved [108009]

--2026-09-06 16:36:04--  https://jazdrm.com/wp-content/litespeed/css/0858e61a25b6e79cc17f0ef407c90523.css?ver=edc05
Reusing existing connection to jazdrm.com:443.
HTTP request sent, awaiting response... 200 OK
Length: 444984 (435K) [text/css]
Saving to: ‘wp-content/litespeed/css/0858e61a25b6e79cc17f0ef407c90523.css?ver=edc05.css’

     0K .......... .......... .......... .......... .......... 11% 5.83M 0s
    50K .......... .......... .......... .......... .......... 23% 19.6M 0s
   100K .......... .......... .......... .......... .......... 34% 5.39M 0s
   150K .......... .......... .......... .......... .......... 46% 11.3M 0s
   200K .......... .......... .......... .......... .......... 57% 98.0M 0s
   250K .......... .......... .......... .......... .......... 69% 11.0M 0s
   300K .......... .......... .......... .......... .......... 80% 2.74M 0s
   350K .......... .......... .......... .......... .......... 92% 43.6M 0s
   400K .......... .......... .......... ....                 100% 20.4M=0.05s

2026-09-06 16:36:04 (8.53 MB/s) - ‘wp-content/litespeed/css/0858e61a25b6e79cc17f0ef407c90523.css?ver=edc05.css’ saved [444984/444984]

--2026-09-06 16:36:04--  https://jazdrm.com/wp-json/wp/v2/product_cat/56
Reusing existing connection to jazdrm.com:443.
HTTP request sent, awaiting response... 200 OK
Length: unspecified [application/json]
Saving to: ‘wp-json/wp/v2/product_cat/56’

     0K                                                        43.5M=0s

Last-modified header missing -- time-stamps turned off.
2026-09-06 16:36:07 (43.5 MB/s) - ‘wp-json/wp/v2/product_cat/56’ saved [1004]

--2026-09-06 16:36:07--  https://jazdrm.com/product/%d8%a7%d8%b3%d9%85-%d8%a7%d9%84%d9%85%d9%86%d8%aa%d8%ac-%d9%86%d8%b3%d8%ae%d8%a9-8/
Reusing existing connection to jazdrm.com:443.
HTTP request sent, awaiting response... 200 OK
Length: unspecified [text/html]
Saving to: ‘product/اسم-المنتج-نسخة-8/index.html’

     0K .......... .......... .......... .......... ..........  192M
    50K .......... .......... .......... .......... .......... 28.9M
   100K .......... .......... .......... .......... ......     23.0M=0.004s

Last-modified header missing -- time-stamps turned off.
2026-09-06 16:36:09 (36.6 MB/s) - ‘product/اسم-المنتج-نسخة-8/index.html’ saved [149910]

--2026-09-06 16:36:09--  https://jazdrm.com/product/emd-100/
Reusing existing connection to jazdrm.com:443.
HTTP request sent, awaiting response... 200 OK
Length: unspecified [text/html]
Saving to: ‘product/emd-100/index.html’

     0K .......... .......... .......... .......... .......... 9.10M
    50K .......... .......... .......... .......... .......... 30.2M
   100K .......... .......... .......... .....                 36.8M=0.008s

Last-modified header missing -- time-stamps turned off.
2026-09-06 16:36:11 (16.7 MB/s) - ‘product/emd-100/index.html’ saved [139251]

--2026-09-06 16:36:12--  https://jazdrm.com/product/emd-50/
Reusing existing connection to jazdrm.com:443.
HTTP request sent, awaiting response... 200 OK
Length: unspecified [text/html]
Saving to: ‘product/emd-50/index.html’

     0K .......... .......... .......... .......... .......... 18.2M
    50K .......... .......... .......... .......... .......... 33.2M
   100K .......... .......... .......... ......                14.5M=0.007s

Last-modified header missing -- time-stamps turned off.
2026-09-06 16:36:14 (20.1 MB/s) - ‘product/emd-50/index.html’ saved [139484]

--2026-09-06 16:36:14--  https://jazdrm.com/product/%d8%a7%d8%b3%d9%85-%d8%a7%d9%84%d9%85%d9%86%d8%aa%d8%ac-%d9%86%d8%b3%d8%ae%d8%a9-5/
Reusing existing connection to jazdrm.com:443.
HTTP request sent, awaiting response... 200 OK
Length: unspecified [text/html]
Saving to: ‘product/اسم-المنتج-نسخة-5/index.html’

     0K .......... .......... .......... .......... .......... 3.29M
    50K .......... .......... .......... .......... .......... 20.6M
   100K .......... .......... .......... .......... ......     12.5M=0.02s

Last-modified header missing -- time-stamps turned off.
2026-09-06 16:36:16 (6.85 MB/s) - ‘product/اسم-المنتج-نسخة-5/index.html’ saved [150011]

--2026-09-06 16:36:16--  https://jazdrm.com/product/%d8%a7%d8%b3%d9%85-%d8%a7%d9%84%d9%85%d9%86%d8%aa%d8%ac-%d9%86%d8%b3%d8%ae%d8%a9-%d9%86%d8%b3%d8%ae%d8%a9/
Reusing existing connection to jazdrm.com:443.
HTTP request sent, awaiting response... 200 OK
Length: unspecified [text/html]
Saving to: ‘product/اسم-المنتج-نسخة-نسخة/index.html’

     0K .......... .......... .......... .......... .......... 7.21M
    50K .......... .......... .......... .......... .......... 22.0M
   100K .......... .......... .......... .......... ...        2.58M=0.03s

Last-modified header missing -- time-stamps turned off.
2026-09-06 16:36:19 (5.51 MB/s) - ‘product/اسم-المنتج-نسخة-نسخة/index.html’ saved [146596]

--2026-09-06 16:36:20--  https://jazdrm.com/product/%d8%a7%d8%b3%d9%85-%d8%a7%d9%84%d9%85%d9%86%d8%aa%d8%ac-%d9%86%d8%b3%d8%ae%d8%a9-14/
Reusing existing connection to jazdrm.com:443.
HTTP request sent, awaiting response... 200 OK
Length: unspecified [text/html]
Saving to: ‘product/اسم-المنتج-نسخة-14/index.html’

     0K .......... .......... .......... .......... .......... 8.05M
    50K .......... .......... .......... .......... .......... 19.4M
   100K .......... .......... .......... .......... .....      3.21M=0.02s

Last-modified header missing -- time-stamps turned off.
2026-09-06 16:36:25 (6.31 MB/s) - ‘product/اسم-المنتج-نسخة-14/index.html’ saved [149482]

--2026-09-06 16:36:25--  https://jazdrm.com/product/%d8%a7%d8%b3%d9%85-%d8%a7%d9%84%d9%85%d9%86%d8%aa%d8%ac-%d9%86%d8%b3%d8%ae%d8%a9-30/
Reusing existing connection to jazdrm.com:443.
HTTP request sent, awaiting response... 200 OK
Length: unspecified [text/html]
Saving to: ‘product/اسم-المنتج-نسخة-30/index.html’

     0K .......... .......... .......... .......... ..........  107M
    50K .......... .......... .......... .......... .......... 43.6M
   100K .......... .......... .......... .......... ...        90.7M=0.002s

Last-modified header missing -- time-stamps turned off.
2026-09-06 16:36:27 (68.5 MB/s) - ‘product/اسم-المنتج-نسخة-30/index.html’ saved [146819]

--2026-09-06 16:36:28--  https://jazdrm.com/product/%d8%a7%d8%b3%d9%85-%d8%a7%d9%84%d9%85%d9%86%d8%aa%d8%ac-%d9%86%d8%b3%d8%ae%d8%a9-34/
Reusing existing connection to jazdrm.com:443.
HTTP request sent, awaiting response... 200 OK
Length: unspecified [text/html]
Saving to: ‘product/اسم-المنتج-نسخة-34/index.html’

     0K .......... .......... .......... .......... ..........  138M
    50K .......... .......... .......... .......... .......... 40.1M
   100K .......... .......... .......... .......... .......... 16.2M
   150K .                                                      17.7M=0.005s

Last-modified header missing -- time-stamps turned off.
2026-09-06 16:36:31 (31.7 MB/s) - ‘product/اسم-المنتج-نسخة-34/index.html’ saved [155178]

--2026-09-06 16:36:32--  https://jazdrm.com/product/%d8%a7%d8%b3%d9%85-%d8%a7%d9%84%d9%85%d9%86%d8%aa%d8%ac-%d9%86%d8%b3%d8%ae%d8%a9-6/
Reusing existing connection to jazdrm.com:443.
HTTP request sent, awaiting response... 200 OK
Length: unspecified [text/html]
Saving to: ‘product/اسم-المنتج-نسخة-6/index.html’

     0K .......... .......... .......... .......... .......... 8.17M
    50K .......... .......... .......... .......... .......... 16.3M
   100K .......... .......... .......... .......... ........   31.6M=0.01s

Last-modified header missing -- time-stamps turned off.
2026-09-06 16:36:32 (13.8 MB/s) - ‘product/اسم-المنتج-نسخة-6/index.html’ saved [151802]

--2026-09-06 16:36:33--  https://jazdrm.com/product/%d8%a7%d8%b3%d9%85-%d8%a7%d9%84%d9%85%d9%86%d8%aa%d8%ac-%d9%86%d8%b3%d8%ae%d8%a9-37/
Reusing existing connection to jazdrm.com:443.
HTTP request sent, awaiting response... 200 OK
Length: unspecified [text/html]
Saving to: ‘product/اسم-المنتج-نسخة-37/index.html’

     0K .......... .......... .......... .......... .......... 7.61M
    50K .......... .......... .......... .......... .......... 8.79M
   100K .......... .......... .......... .......... .......... 3.10M
   150K .                                                      9.23M=0.03s

Last-modified header missing -- time-stamps turned off.
2026-09-06 16:36:33 (5.31 MB/s) - ‘product/اسم-المنتج-نسخة-37/index.html’ saved [155216]

--2026-09-06 16:36:34--  https://jazdrm.com/product/%d8%a7%d8%b3%d9%85-%d8%a7%d9%84%d9%85%d9%86%d8%aa%d8%ac-%d9%86%d8%b3%d8%ae%d8%a9-9/
Reusing existing connection to jazdrm.com:443.
HTTP request sent, awaiting response... 200 OK
Length: unspecified [text/html]
Saving to: ‘product/اسم-المنتج-نسخة-9/index.html’

     0K .......... .......... .......... .......... .......... 13.0M
    50K .......... .......... .......... .......... .......... 98.0M
   100K .......... .......... .......... .......... .......... 5.47M
   150K ....                                                   6.28M=0.01s

Last-modified header missing -- time-stamps turned off.
2026-09-06 16:36:35 (10.9 MB/s) - ‘product/اسم-المنتج-نسخة-9/index.html’ saved [157719]

--2026-09-06 16:36:35--  https://jazdrm.com/product/%d8%a7%d8%b3%d9%85-%d8%a7%d9%84%d9%85%d9%86%d8%aa%d8%ac-%d9%86%d8%b3%d8%ae%d8%a9-21/
Reusing existing connection to jazdrm.com:443.
HTTP request sent, awaiting response... 200 OK
Length: unspecified [text/html]
Saving to: ‘product/اسم-المنتج-نسخة-21/index.html’

     0K .......... .......... .......... .......... ..........  126M
    50K .......... .......... .......... .......... ..........  132M
   100K .......... .......... .......... .......... .....      25.6M=0.003s

Last-modified header missing -- time-stamps turned off.
2026-09-06 16:36:36 (56.8 MB/s) - ‘product/اسم-المنتج-نسخة-21/index.html’ saved [149344]

--2026-09-06 16:36:36--  https://jazdrm.com/product/jb-100/
Reusing existing connection to jazdrm.com:443.
HTTP request sent, awaiting response... 200 OK
Length: unspecified [text/html]
Saving to: ‘product/jb-100/index.html’

     0K .......... .......... .......... .......... .......... 6.06M
    50K .......... .......... .......... .......... .......... 10.2M
   100K .......... .......... .......... .......... ....       8.50M=0.02s

Last-modified header missing -- time-stamps turned off.
2026-09-06 16:36:37 (7.85 MB/s) - ‘product/jb-100/index.html’ saved [147655]

--2026-09-06 16:36:37--  https://jazdrm.com/product/jb-120/
Reusing existing connection to jazdrm.com:443.
HTTP request sent, awaiting response... 200 OK
Length: unspecified [text/html]
Saving to: ‘product/jb-120/index.html’

     0K .......... .......... .......... .......... .......... 9.35M
    50K .......... .......... .......... .......... .......... 29.7M
   100K .......... .......... .......... .......... .......... 10.2M
   150K .....                                                  5.79M=0.01s

Last-modified header missing -- time-stamps turned off.
2026-09-06 16:36:38 (12.1 MB/s) - ‘product/jb-120/index.html’ saved [159098]

--2026-09-06 16:36:38--  https://jazdrm.com/product/%d8%a7%d8%b3%d9%85-%d8%a7%d9%84%d9%85%d9%86%d8%aa%d8%ac-%d9%86%d8%b3%d8%ae%d8%a9-11/
Reusing existing connection to jazdrm.com:443.
HTTP request sent, awaiting response... 200 OK
Length: unspecified [text/html]
Saving to: ‘product/اسم-المنتج-نسخة-11/index.html’

     0K .......... .......... .......... .......... .......... 10.2M
    50K .......... .......... .......... .......... .......... 8.44M
   100K .......... .......... .......... .......... .......... 7.03M
   150K .......... .......... .......... ....                  7.79M=0.02s

Last-modified header missing -- time-stamps turned off.
2026-09-06 16:36:39 (8.25 MB/s) - ‘product/اسم-المنتج-نسخة-11/index.html’ saved [189020]

--2026-09-06 16:36:39--  https://jazdrm.com/product/%d8%a7%d8%b3%d9%85-%d8%a7%d9%84%d9%85%d9%86%d8%aa%d8%ac-%d9%86%d8%b3%d8%ae%d8%a9-4/
Reusing existing connection to jazdrm.com:443.
HTTP request sent, awaiting response... 200 OK
Length: unspecified [text/html]
Saving to: ‘product/اسم-المنتج-نسخة-4/index.html’

     0K .......... .......... .......... .......... .......... 11.5M
    50K .......... .......... .......... .......... .......... 8.53M
   100K .......... .......... .......... .......... ...        6.46M=0.02s

Last-modified header missing -- time-stamps turned off.
2026-09-06 16:36:40 (8.47 MB/s) - ‘product/اسم-المنتج-نسخة-4/index.html’ saved [147338]

--2026-09-06 16:36:40--  https://jazdrm.com/product/%d8%a7%d8%b3%d9%85-%d8%a7%d9%84%d9%85%d9%86%d8%aa%d8%ac-%d9%86%d8%b3%d8%ae%d8%a9-24/
Reusing existing connection to jazdrm.com:443.
HTTP request sent, awaiting response... 200 OK
Length: unspecified [text/html]
Saving to: ‘product/اسم-المنتج-نسخة-24/index.html’

     0K .......... .......... .......... .......... .......... 5.80M
    50K .......... .......... .......... .......... .......... 50.3M
   100K .......... .......... .......... .......... .........  2.81M=0.03s

Last-modified header missing -- time-stamps turned off.
2026-09-06 16:36:41 (5.48 MB/s) - ‘product/اسم-المنتج-نسخة-24/index.html’ saved [153171]

--2026-09-06 16:36:41--  https://jazdrm.com/product/%d8%a7%d8%b3%d9%85-%d8%a7%d9%84%d9%85%d9%86%d8%aa%d8%ac-%d9%86%d8%b3%d8%ae%d8%a9-25/
Reusing existing connection to jazdrm.com:443.
HTTP request sent, awaiting response... 200 OK
Length: unspecified [text/html]
Saving to: ‘product/اسم-المنتج-نسخة-25/index.html’

     0K .......... .......... .......... .......... .......... 6.31M
    50K .......... .......... .......... .......... .......... 7.28M
   100K .......... .......... .......... .......... .....      4.48M=0.02s

Last-modified header missing -- time-stamps turned off.
2026-09-06 16:36:42 (5.83 MB/s) - ‘product/اسم-المنتج-نسخة-25/index.html’ saved [148925]

--2026-09-06 16:36:42--  https://jazdrm.com/product/%d8%a7%d8%b3%d9%85-%d8%a7%d9%84%d9%85%d9%86%d8%aa%d8%ac-%d9%86%d8%b3%d8%ae%d8%a9-23/
Reusing existing connection to jazdrm.com:443.
HTTP request sent, awaiting response... 200 OK
Length: unspecified [text/html]
Saving to: ‘product/اسم-المنتج-نسخة-23/index.html’

     0K .......... .......... .......... .......... .......... 3.75M
    50K .......... .......... .......... .......... .......... 4.80M
   100K .......... .......... .......... .......... .......... 2.88M
   150K ..                                                     15.4M=0.04s

Last-modified header missing -- time-stamps turned off.
2026-09-06 16:36:43 (3.69 MB/s) - ‘product/اسم-المنتج-نسخة-23/index.html’ saved [155921]

--2026-09-06 16:36:43--  https://jazdrm.com/product/ssm-100-door-in-door/
Reusing existing connection to jazdrm.com:443.
HTTP request sent, awaiting response... 200 OK
Length: unspecified [text/html]
Saving to: ‘product/ssm-100-door-in-door/index.html’

     0K .......... .......... .......... .......... .......... 31.7M
    50K .......... .......... .......... .......... .......... 9.94M
   100K .......... .......... .......... ........              2.67M=0.02s

Last-modified header missing -- time-stamps turned off.
2026-09-06 16:36:44 (6.62 MB/s) - ‘product/ssm-100-door-in-door/index.html’ saved [141344]

--2026-09-06 16:36:45--  https://jazdrm.com/product/ssm-100-normal/
Reusing existing connection to jazdrm.com:443.
HTTP request sent, awaiting response... 200 OK
Length: unspecified [text/html]
Saving to: ‘product/ssm-100-normal/index.html’

     0K .......... .......... .......... .......... .......... 16.3M
    50K .......... .......... .......... .......... .......... 12.3M
   100K .......... .......... .......... .......... ......     4.25M=0.02s

Last-modified header missing -- time-stamps turned off.
2026-09-06 16:36:45 (8.08 MB/s) - ‘product/ssm-100-normal/index.html’ saved [150462]

--2026-09-06 16:36:46--  https://jazdrm.com/product/ssm-130-door-in-door/
Reusing existing connection to jazdrm.com:443.
HTTP request sent, awaiting response... 200 OK
Length: unspecified [text/html]
Saving to: ‘product/ssm-130-door-in-door/index.html’

     0K .......... .......... .......... .......... .......... 3.60M
    50K .......... .......... .......... .......... .......... 8.09M
   100K .......... .......... .......... ..........            10.3M=0.02s

Last-modified header missing -- time-stamps turned off.
2026-09-06 16:36:46 (5.85 MB/s) - ‘product/ssm-130-door-in-door/index.html’ saved [143841]

--2026-09-06 16:36:47--  https://jazdrm.com/product/%d8%a7%d8%b3%d9%85-%d8%a7%d9%84%d9%85%d9%86%d8%aa%d8%ac-%d9%86%d8%b3%d8%ae%d8%a9-27/
Reusing existing connection to jazdrm.com:443.
HTTP request sent, awaiting response... 200 OK
Length: unspecified [text/html]
Saving to: ‘product/اسم-المنتج-نسخة-27/index.html’

     0K .......... .......... .......... .......... .......... 13.6M
    50K .......... .......... .......... .......... .......... 12.5M
   100K .......... .......... .......... .......... .......... 4.93M
   150K .......                                                 444K=0.03s

Last-modified header missing -- time-stamps turned off.
2026-09-06 16:36:48 (4.46 MB/s) - ‘product/اسم-المنتج-نسخة-27/index.html’ saved [161361]

--2026-09-06 16:36:48--  https://jazdrm.com/product/ssm-50-21/
Reusing existing connection to jazdrm.com:443.
HTTP request sent, awaiting response... 200 OK
Length: unspecified [text/html]
Saving to: ‘product/ssm-50-21/index.html’

     0K .......... .......... .......... .......... .......... 8.47M
    50K .......... .......... .......... .......... .......... 12.1M
   100K .......... .......... .......... .......... ....       2.07M=0.03s

Last-modified header missing -- time-stamps turned off.
2026-09-06 16:36:49 (4.58 MB/s) - ‘product/ssm-50-21/index.html’ saved [148185]

--2026-09-06 16:36:49--  https://jazdrm.com/product/ssm-50-normal/
Reusing existing connection to jazdrm.com:443.
HTTP request sent, awaiting response... 200 OK
Length: unspecified [text/html]
Saving to: ‘product/ssm-50-normal/index.html’

     0K .......... .......... .......... .......... ..........  103M
    50K .......... .......... .......... .......... .......... 1.84M
   100K .......... .......... .......... .....                  120M=0.03s

Last-modified header missing -- time-stamps turned off.
2026-09-06 16:36:50 (4.87 MB/s) - ‘product/ssm-50-normal/index.html’ saved [139262]

--2026-09-06 16:36:50--  https://jazdrm.com/product/%d8%a7%d8%b3%d9%85-%d8%a7%d9%84%d9%85%d9%86%d8%aa%d8%ac-%d9%86%d8%b3%d8%ae%d8%a9-33/
Reusing existing connection to jazdrm.com:443.
HTTP request sent, awaiting response... 200 OK
Length: unspecified [text/html]
Saving to: ‘product/اسم-المنتج-نسخة-33/index.html’

     0K .......... .......... .......... .......... .......... 3.45M
    50K .......... .......... .......... .......... .......... 15.9M
   100K .......... .......... .......... ..........            2.28M=0.03s

Last-modified header missing -- time-stamps turned off.
2026-09-06 16:36:51 (3.98 MB/s) - ‘product/اسم-المنتج-نسخة-33/index.html’ saved [143537]

--2026-09-06 16:36:51--  https://jazdrm.com/product/%d8%a7%d8%b3%d9%85-%d8%a7%d9%84%d9%85%d9%86%d8%aa%d8%ac-%d9%86%d8%b3%d8%ae%d8%a9-15/
Reusing existing connection to jazdrm.com:443.
HTTP request sent, awaiting response... 200 OK
Length: unspecified [text/html]
Saving to: ‘product/اسم-المنتج-نسخة-15/index.html’

     0K .......... .......... .......... .......... .......... 62.9M
    50K .......... .......... .......... .......... .......... 48.2M
   100K .......... .......... .......... .......... .........   121M=0.002s

Last-modified header missing -- time-stamps turned off.
2026-09-06 16:36:52 (66.6 MB/s) - ‘product/اسم-المنتج-نسخة-15/index.html’ saved [152590]

--2026-09-06 16:36:52--  https://jazdrm.com/product/%d8%a7%d8%b3%d9%85-%d8%a7%d9%84%d9%85%d9%86%d8%aa%d8%ac-%d9%86%d8%b3%d8%ae%d8%a9-10/
Reusing existing connection to jazdrm.com:443.
HTTP request sent, awaiting response... 200 OK
Length: unspecified [text/html]
Saving to: ‘product/اسم-المنتج-نسخة-10/index.html’

     0K .......... .......... .......... .......... .......... 6.93M
    50K .......... .......... .......... .......... .......... 19.7M
   100K .......... .......... .......... .......... .......... 3.28M
   150K .                                                      16.3M=0.02s

Last-modified header missing -- time-stamps turned off.
2026-09-06 16:36:53 (6.04 MB/s) - ‘product/اسم-المنتج-نسخة-10/index.html’ saved [155210]

--2026-09-06 16:36:53--  https://jazdrm.com/product/%d8%a7%d8%b3%d9%85-%d8%a7%d9%84%d9%85%d9%86%d8%aa%d8%ac-%d9%86%d8%b3%d8%ae%d8%a9-12/
Reusing existing connection to jazdrm.com:443.
HTTP request sent, awaiting response... 200 OK
Length: unspecified [text/html]
Saving to: ‘product/اسم-المنتج-نسخة-12/index.html’

     0K .......... .......... .......... .......... .......... 73.1M
    50K .......... .......... .......... .......... .......... 49.5M
   100K .......... .......... .......... .......... .......... 2.78M
   150K .                                                      10.4M=0.02s

Last-modified header missing -- time-stamps turned off.
2026-09-06 16:36:54 (7.65 MB/s) - ‘product/اسم-المنتج-نسخة-12/index.html’ saved [154993]

--2026-09-06 16:36:55--  https://jazdrm.com/product/%d8%a7%d8%b3%d9%85-%d8%a7%d9%84%d9%85%d9%86%d8%aa%d8%ac-%d9%86%d8%b3%d8%ae%d8%a9-19/
Reusing existing connection to jazdrm.com:443.
HTTP request sent, awaiting response... 200 OK
Length: unspecified [text/html]
Saving to: ‘product/اسم-المنتج-نسخة-19/index.html’

     0K .......... .......... .......... .......... .......... 12.8M
    50K .......... .......... .......... .......... .......... 34.4M
   100K .......... .......... .......... .......... ....       1.95M=0.03s

Last-modified header missing -- time-stamps turned off.
2026-09-06 16:36:55 (5.11 MB/s) - ‘product/اسم-المنتج-نسخة-19/index.html’ saved [148380]

--2026-09-06 16:36:56--  https://jazdrm.com/product/%d8%a7%d8%b3%d9%85-%d8%a7%d9%84%d9%85%d9%86%d8%aa%d8%ac-%d9%86%d8%b3%d8%ae%d8%a9-20/
Reusing existing connection to jazdrm.com:443.
HTTP request sent, awaiting response... 200 OK
Length: unspecified [text/html]
Saving to: ‘product/اسم-المنتج-نسخة-20/index.html’

     0K .......... .......... .......... .......... .......... 10.2M
    50K .......... .......... .......... .......... .......... 3.03M
   100K .......... .......... .......... .......... .......... 35.8M
   150K ..                                                      387K=0.03s

Last-modified header missing -- time-stamps turned off.
2026-09-06 16:36:56 (5.03 MB/s) - ‘product/اسم-المنتج-نسخة-20/index.html’ saved [156546]

--2026-09-06 16:36:57--  https://jazdrm.com/product/%d8%a7%d8%b3%d9%85-%d8%a7%d9%84%d9%85%d9%86%d8%aa%d8%ac-%d9%86%d8%b3%d8%ae%d8%a9-26/
Reusing existing connection to jazdrm.com:443.
HTTP request sent, awaiting response... 200 OK
Length: unspecified [text/html]
Saving to: ‘product/اسم-المنتج-نسخة-26/index.html’

     0K .......... .......... .......... .......... .......... 4.46M
    50K .......... .......... .......... .......... .......... 32.4M
   100K .......... .......... .......... .......... ....        104M=0.01s

Last-modified header missing -- time-stamps turned off.
2026-09-06 16:36:58 (11.0 MB/s) - ‘product/اسم-المنتج-نسخة-26/index.html’ saved [148169]

--2026-09-06 16:36:58--  https://jazdrm.com/product/%d8%a7%d8%b3%d9%85-%d8%a7%d9%84%d9%85%d9%86%d8%aa%d8%ac-%d9%86%d8%b3%d8%ae%d8%a9-3/
Reusing existing connection to jazdrm.com:443.
HTTP request sent, awaiting response... 200 OK
Length: unspecified [text/html]
Saving to: ‘product/اسم-المنتج-نسخة-3/index.html’

     0K .......... .......... .......... .......... .......... 43.7M
    50K .......... .......... .......... .......... .......... 24.1M
   100K .......... .......... .......... .......... .......    24.6M=0.005s

Last-modified header missing -- time-stamps turned off.
2026-09-06 16:36:59 (28.6 MB/s) - ‘product/اسم-المنتج-نسخة-3/index.html’ saved [151496]

--2026-09-06 16:36:59--  https://jazdrm.com/product/dahua-4mp-ptz-sd3a400/
Reusing existing connection to jazdrm.com:443.
HTTP request sent, awaiting response... 200 OK
Length: unspecified [text/html]
Saving to: ‘product/dahua-4mp-ptz-sd3a400/index.html’

     0K .......... .......... .......... .......... .......... 98.0M
    50K .......... .......... .......... .......... .......... 2.47M
   100K .......... .......... ........                         2.54M=0.03s

Last-modified header missing -- time-stamps turned off.
2026-09-06 16:37:00 (4.01 MB/s) - ‘product/dahua-4mp-ptz-sd3a400/index.html’ saved [131886]

--2026-09-06 16:37:00--  https://jazdrm.com/product/%d8%a7%d8%b3%d9%85-%d8%a7%d9%84%d9%85%d9%86%d8%aa%d8%ac/
Reusing existing connection to jazdrm.com:443.
HTTP request sent, awaiting response... 200 OK
Length: unspecified [text/html]
Saving to: ‘product/اسم-المنتج/index.html’

     0K .......... .......... .......... .......... .......... 11.1M
    50K .......... .......... .......... .......... .......... 11.9M
   100K .......... .......... .......... .                      350K=0.1s

Last-modified header missing -- time-stamps turned off.
2026-09-06 16:37:01 (1.31 MB/s) - ‘product/اسم-المنتج/index.html’ saved [134356]

--2026-09-06 16:37:01--  https://jazdrm.com/product/%d8%a7%d8%b3%d9%85-%d8%a7%d9%84%d9%85%d9%86%d8%aa%d8%ac-%d9%86%d8%b3%d8%ae%d8%a9/
Reusing existing connection to jazdrm.com:443.
HTTP request sent, awaiting response... 200 OK
Length: unspecified [text/html]
Saving to: ‘product/اسم-المنتج-نسخة/index.html’

     0K .......... .......... .......... .......... .......... 4.35M
    50K .......... .......... .......... .......... .......... 53.1M
   100K .......... .......... .......... .......... ........   1.91M=0.04s

Last-modified header missing -- time-stamps turned off.
2026-09-06 16:37:02 (3.92 MB/s) - ‘product/اسم-المنتج-نسخة/index.html’ saved [152321]

--2026-09-06 16:37:03--  https://jazdrm.com/product/%d8%a7%d8%b3%d9%85-%d8%a7%d9%84%d9%85%d9%86%d8%aa%d8%ac-%d9%86%d8%b3%d8%ae%d8%a9-35/
Reusing existing connection to jazdrm.com:443.
HTTP request sent, awaiting response... 200 OK
Length: unspecified [text/html]
Saving to: ‘product/اسم-المنتج-نسخة-35/index.html’

     0K .......... .......... .......... .......... .......... 19.5M
    50K .......... .......... .......... .......... .......... 14.9M
   100K .......... .......... .......... ..........            8.79M=0.01s

Last-modified header missing -- time-stamps turned off.
2026-09-06 16:37:03 (13.3 MB/s) - ‘product/اسم-المنتج-نسخة-35/index.html’ saved [143852]

--2026-09-06 16:37:04--  https://jazdrm.com/product/%d8%a7%d8%b3%d9%85-%d8%a7%d9%84%d9%85%d9%86%d8%aa%d8%ac-%d9%86%d8%b3%d8%ae%d8%a9-39/
Reusing existing connection to jazdrm.com:443.
HTTP request sent, awaiting response... 200 OK
Length: unspecified [text/html]
Saving to: ‘product/اسم-المنتج-نسخة-39/index.html’

     0K .......... .......... .......... .......... ..........  233M
    50K .......... .......... .......... .......... .......... 34.3M
   100K .......... .......... .......... .                     34.3M=0.003s

Last-modified header missing -- time-stamps turned off.
2026-09-06 16:37:05 (50.7 MB/s) - ‘product/اسم-المنتج-نسخة-39/index.html’ saved [134772]

--2026-09-06 16:37:05--  https://jazdrm.com/product/%d8%a7%d8%b3%d9%85-%d8%a7%d9%84%d9%85%d9%86%d8%aa%d8%ac-%d9%86%d8%b3%d8%ae%d8%a9-40/
Reusing existing connection to jazdrm.com:443.
HTTP request sent, awaiting response... 200 OK
Length: unspecified [text/html]
Saving to: ‘product/اسم-المنتج-نسخة-40/index.html’

     0K .......... .......... .......... .......... ..........  111M
    50K .......... .......... .......... .......... .......... 22.4M
   100K .......... .......... .......... .......... ..........  120M
   150K .                                                      17.5M=0.003s

Last-modified header missing -- time-stamps turned off.
2026-09-06 16:37:06 (47.4 MB/s) - ‘product/اسم-المنتج-نسخة-40/index.html’ saved [155324]

--2026-09-06 16:37:06--  https://jazdrm.com/product/%d8%a7%d8%b3%d9%85-%d8%a7%d9%84%d9%85%d9%86%d8%aa%d8%ac-%d9%86%d8%b3%d8%ae%d8%a9-41/
Reusing existing connection to jazdrm.com:443.
HTTP request sent, awaiting response... 200 OK
Length: unspecified [text/html]
Saving to: ‘product/اسم-المنتج-نسخة-41/index.html’

     0K .......... .......... .......... .......... .......... 8.77M
    50K .......... .......... .......... .......... .......... 5.19M
   100K .......... .......... .......... ..........            6.60M=0.02s

Last-modified header missing -- time-stamps turned off.
2026-09-06 16:37:07 (6.55 MB/s) - ‘product/اسم-المنتج-نسخة-41/index.html’ saved [143626]

--2026-09-06 16:37:07--  https://jazdrm.com/product/%d8%a7%d8%b3%d9%85-%d8%a7%d9%84%d9%85%d9%86%d8%aa%d8%ac-%d9%86%d8%b3%d8%ae%d8%a9-42/
Connecting to jazdrm.com (jazdrm.com)|67.20.114.128|:443... connected.
HTTP request sent, awaiting response... 200 OK
Length: unspecified [text/html]
Saving to: ‘product/اسم-المنتج-نسخة-42/index.html’

     0K .......... .......... .......... .......... ..........  122K
    50K .......... .......... .......... .......... ..........  248K
   100K .......... .......... .......... .......... .......... 81.1M
   150K .......... ..........                                  10.7M=0.6s

Last-modified header missing -- time-stamps turned off.
2026-09-06 16:37:09 (279 KB/s) - ‘product/اسم-المنتج-نسخة-42/index.html’ saved [174840]

--2026-09-06 16:37:09--  https://jazdrm.com/wp-json/wp/v2/product_cat/57
Reusing existing connection to jazdrm.com:443.
HTTP request sent, awaiting response... 200 OK
Length: unspecified [application/json]
Saving to: ‘wp-json/wp/v2/product_cat/57’

     0K                                                         101M=0s

Last-modified header missing -- time-stamps turned off.
2026-09-06 16:37:11 (101 MB/s) - ‘wp-json/wp/v2/product_cat/57’ saved [949]

--2026-09-06 16:37:11--  https://jazdrm.com/product/test/
Reusing existing connection to jazdrm.com:443.
HTTP request sent, awaiting response... 200 OK
Length: unspecified [text/html]
Saving to: ‘product/test/index.html’

     0K .......... .......... .......... .......... .......... 11.0M
    50K .......... .......... .......... .......... .......... 7.82M
   100K .......... .......... ........                          281K=0.1s

Last-modified header missing -- time-stamps turned off.
2026-09-06 16:37:12 (1.12 MB/s) - ‘product/test/index.html’ saved [131627]

--2026-09-06 16:37:12--  https://jazdrm.com/wp-json/wp/v2/product_cat/58
Reusing existing connection to jazdrm.com:443.
HTTP request sent, awaiting response... 200 OK
Length: unspecified [application/json]
Saving to: ‘wp-json/wp/v2/product_cat/58’

     0K                                                         163M=0s

Last-modified header missing -- time-stamps turned off.
2026-09-06 16:37:14 (163 MB/s) - ‘wp-json/wp/v2/product_cat/58’ saved [856]

--2026-09-06 16:37:14--  https://jazdrm.com/wp-json/oembed/1.0/embed?url=https%3A%2F%2Fjazdrm.com%2Fproduct%2F%25d8%25a7%25d8%25b3%25d9%2585-%25d8%25a7%25d9%2584%25d9%2585%25d9%2586%25d8%25aa%25d8%25ac-%25d9%2586%25d8%25b3%25d8%25ae%25d8%25a9-29%2F
Reusing existing connection to jazdrm.com:443.
HTTP request sent, awaiting response... 200 OK
Length: unspecified [application/json]
Saving to: ‘wp-json/oembed/1.0/embed?url=https:%2F%2Fjazdrm.com%2Fproduct%2F%d8%a7%d8%b3%d9%85-%d8%a7%d9%84%d9%85%d9%86%d8%aa%d8%ac-%d9%86%d8%b3%d8%ae%d8%a9-29%2F’

     0K ..                                                      190M=0s

Last-modified header missing -- time-stamps turned off.
2026-09-06 16:37:15 (190 MB/s) - ‘wp-json/oembed/1.0/embed?url=https:%2F%2Fjazdrm.com%2Fproduct%2F%d8%a7%d8%b3%d9%85-%d8%a7%d9%84%d9%85%d9%86%d8%aa%d8%ac-%d9%86%d8%b3%d8%ae%d8%a9-29%2F’ saved [2596]

--2026-09-06 16:37:15--  https://jazdrm.com/wp-json/oembed/1.0/embed?url=https%3A%2F%2Fjazdrm.com%2Fproduct%2F%25d8%25a7%25d8%25b3%25d9%2585-%25d8%25a7%25d9%2584%25d9%2585%25d9%2586%25d8%25aa%25d8%25ac-%25d9%2586%25d8%25b3%25d8%25ae%25d8%25a9-29%2F&format=xml
Reusing existing connection to jazdrm.com:443.
HTTP request sent, awaiting response... 200 OK
Length: unspecified [text/xml]
Saving to: ‘wp-json/oembed/1.0/embed?url=https:%2F%2Fjazdrm.com%2Fproduct%2F%d8%a7%d8%b3%d9%85-%d8%a7%d9%84%d9%85%d9%86%d8%aa%d8%ac-%d9%86%d8%b3%d8%ae%d8%a9-29%2F&format=xml’

     0K ..                                                      168M=0s

Last-modified header missing -- time-stamps turned off.
2026-09-06 16:37:16 (168 MB/s) - ‘wp-json/oembed/1.0/embed?url=https:%2F%2Fjazdrm.com%2Fproduct%2F%d8%a7%d8%b3%d9%85-%d8%a7%d9%84%d9%85%d9%86%d8%aa%d8%ac-%d9%86%d8%b3%d8%ae%d8%a9-29%2F&format=xml’ saved [2816]

--2026-09-06 16:37:17--  https://jazdrm.com/wp-content/litespeed/css/3076efd371eb0815cb1dd0147910f0f2.css?ver=edc05
Reusing existing connection to jazdrm.com:443.
HTTP request sent, awaiting response... 200 OK
Length: 464425 (454K) [text/css]
Saving to: ‘wp-content/litespeed/css/3076efd371eb0815cb1dd0147910f0f2.css?ver=edc05.css’

     0K .......... .......... .......... .......... .......... 11% 14.6M 0s
    50K .......... .......... .......... .......... .......... 22% 10.3M 0s
   100K .......... .......... .......... .......... .......... 33% 3.76M 0s
   150K .......... .......... .......... .......... .......... 44% 44.7M 0s
   200K .......... .......... .......... .......... .......... 55% 17.0M 0s
   250K .......... .......... .......... .......... .......... 66%  286K 0s
   300K .......... .......... .......... .......... .......... 77% 5.84M 0s
   350K .......... .......... .......... .......... .......... 88% 12.9M 0s
   400K .......... .......... .......... .......... .......... 99% 13.7M 0s
   450K ...                                                   100% 26.4M=0.2s

2026-09-06 16:37:17 (2.06 MB/s) - ‘wp-content/litespeed/css/3076efd371eb0815cb1dd0147910f0f2.css?ver=edc05.css’ saved [464425/464425]

--2026-09-06 16:37:18--  https://jazdrm.com/wp-json/wp/v2/product/2783
Reusing existing connection to jazdrm.com:443.
HTTP request sent, awaiting response... 200 OK
Length: unspecified [application/json]
Saving to: ‘wp-json/wp/v2/product/2783’

     0K ..                                                      147M=0s

Last-modified header missing -- time-stamps turned off.
2026-09-06 16:37:19 (147 MB/s) - ‘wp-json/wp/v2/product/2783’ saved [2163]

--2026-09-06 16:37:19--  https://jazdrm.com/?p=2783
Reusing existing connection to jazdrm.com:443.
HTTP request sent, awaiting response... 301 Moved Permanently
Location: https://jazdrm.com/product/%d8%a7%d8%b3%d9%85-%d8%a7%d9%84%d9%85%d9%86%d8%aa%d8%ac-%d9%86%d8%b3%d8%ae%d8%a9-29/ [following]
--2026-09-06 16:37:20--  https://jazdrm.com/product/%d8%a7%d8%b3%d9%85-%d8%a7%d9%84%d9%85%d9%86%d8%aa%d8%ac-%d9%86%d8%b3%d8%ae%d8%a9-29/
Reusing existing connection to jazdrm.com:443.
HTTP request sent, awaiting response... 200 OK
Length: unspecified [text/html]
Saving to: ‘index.html?p=2783.html’

     0K .......... .......... .......... .......... .......... 4.43M
    50K .......... .......... .......... .......... .......... 28.3M
   100K .......... .......... .......... ........               358K=0.1s

Last-modified header missing -- time-stamps turned off.
2026-09-06 16:37:21 (1.12 MB/s) - ‘index.html?p=2783.html’ saved [142068]

--2026-09-06 16:37:21--  https://jazdrm.com/products/
Reusing existing connection to jazdrm.com:443.
HTTP request sent, awaiting response... 200 OK
Length: unspecified [text/html]
Saving to: ‘products/index.html’

     0K .......... .......... .......... .......... .......... 31.8M
    50K .......... .......... .......... .......... .......... 6.33M
   100K .......... .......... .......... .......... .......... 9.08M
   150K .......... .......... .......... .......... .......... 18.1M
   200K .......... ..........                                  5.32M=0.02s

Last-modified header missing -- time-stamps turned off.
2026-09-06 16:37:22 (10.2 MB/s) - ‘products/index.html’ saved [225568]

--2026-09-06 16:37:23--  https://jazdrm.com/wp-json/oembed/1.0/embed?url=https%3A%2F%2Fjazdrm.com%2Fproduct%2F%25d8%25a7%25d8%25b3%25d9%2585-%25d8%25a7%25d9%2584%25d9%2585%25d9%2586%25d8%25aa%25d8%25ac-%25d9%2586%25d8%25b3%25d8%25ae%25d8%25a9-38%2F
Reusing existing connection to jazdrm.com:443.
HTTP request sent, awaiting response... 200 OK
Length: unspecified [application/json]
Saving to: ‘wp-json/oembed/1.0/embed?url=https:%2F%2Fjazdrm.com%2Fproduct%2F%d8%a7%d8%b3%d9%85-%d8%a7%d9%84%d9%85%d9%86%d8%aa%d8%ac-%d9%86%d8%b3%d8%ae%d8%a9-38%2F’

     0K ..                                                      618M=0s

Last-modified header missing -- time-stamps turned off.
2026-09-06 16:37:24 (618 MB/s) - ‘wp-json/oembed/1.0/embed?url=https:%2F%2Fjazdrm.com%2Fproduct%2F%d8%a7%d8%b3%d9%85-%d8%a7%d9%84%d9%85%d9%86%d8%aa%d8%ac-%d9%86%d8%b3%d8%ae%d8%a9-38%2F’ saved [2593]

--2026-09-06 16:37:24--  https://jazdrm.com/wp-json/oembed/1.0/embed?url=https%3A%2F%2Fjazdrm.com%2Fproduct%2F%25d8%25a7%25d8%25b3%25d9%2585-%25d8%25a7%25d9%2584%25d9%2585%25d9%2586%25d8%25aa%25d8%25ac-%25d9%2586%25d8%25b3%25d8%25ae%25d8%25a9-38%2F&format=xml
Reusing existing connection to jazdrm.com:443.
HTTP request sent, awaiting response... 200 OK
Length: unspecified [text/xml]
Saving to: ‘wp-json/oembed/1.0/embed?url=https:%2F%2Fjazdrm.com%2Fproduct%2F%d8%a7%d8%b3%d9%85-%d8%a7%d9%84%d9%85%d9%86%d8%aa%d8%ac-%d9%86%d8%b3%d8%ae%d8%a9-38%2F&format=xml’

     0K ..                                                      537M=0s

Last-modified header missing -- time-stamps turned off.
2026-09-06 16:37:25 (537 MB/s) - ‘wp-json/oembed/1.0/embed?url=https:%2F%2Fjazdrm.com%2Fproduct%2F%d8%a7%d8%b3%d9%85-%d8%a7%d9%84%d9%85%d9%86%d8%aa%d8%ac-%d9%86%d8%b3%d8%ae%d8%a9-38%2F&format=xml’ saved [2813]

--2026-09-06 16:37:26--  https://jazdrm.com/wp-json/wp/v2/product/2792
Reusing existing connection to jazdrm.com:443.
HTTP request sent, awaiting response... 200 OK
Length: unspecified [application/json]
Saving to: ‘wp-json/wp/v2/product/2792’

     0K ..                                                      154M=0s

Last-modified header missing -- time-stamps turned off.
2026-09-06 16:37:27 (154 MB/s) - ‘wp-json/wp/v2/product/2792’ saved [2753]

--2026-09-06 16:37:27--  https://jazdrm.com/?p=2792
Reusing existing connection to jazdrm.com:443.
HTTP request sent, awaiting response... 301 Moved Permanently
Location: https://jazdrm.com/product/%d8%a7%d8%b3%d9%85-%d8%a7%d9%84%d9%85%d9%86%d8%aa%d8%ac-%d9%86%d8%b3%d8%ae%d8%a9-38/ [following]
--2026-09-06 16:37:28--  https://jazdrm.com/product/%d8%a7%d8%b3%d9%85-%d8%a7%d9%84%d9%85%d9%86%d8%aa%d8%ac-%d9%86%d8%b3%d8%ae%d8%a9-38/
Reusing existing connection to jazdrm.com:443.
HTTP request sent, awaiting response... 200 OK
Length: unspecified [text/html]
Saving to: ‘index.html?p=2792.html’

     0K .......... .......... .......... .......... .......... 35.2M
    50K .......... .......... .......... .......... .......... 2.55M
   100K .......... .......... .......... .......... .          25.6M=0.02s

Last-modified header missing -- time-stamps turned off.
2026-09-06 16:37:29 (6.24 MB/s) - ‘index.html?p=2792.html’ saved [144481]

--2026-09-06 16:37:29--  https://jazdrm.com/%D8%A7%D9%84%D8%B9%D9%84%D8%A7%D9%85%D8%A9%20%D8%A7%D9%84%D8%AA%D8%AC%D8%A7%D8%B1%D9%8A%D8%A9/falcon/
Reusing existing connection to jazdrm.com:443.
HTTP request sent, awaiting response... 200 OK
Length: unspecified [text/html]
Saving to: ‘العلامة التجارية/falcon/index.html’

     0K .......... .......... .......... .......... .......... 12.6M
    50K .......... .......... .......... .......... .......... 10.9M
   100K .......... .......... .......... .......... .......    3.14M=0.02s

Last-modified header missing -- time-stamps turned off.
2026-09-06 16:37:30 (6.21 MB/s) - ‘العلامة التجارية/falcon/index.html’ saved [151340]

--2026-09-06 16:37:30--  https://jazdrm.com/wp-json/wp/v2/product_cat/78
Reusing existing connection to jazdrm.com:443.
HTTP request sent, awaiting response... 200 OK
Length: unspecified [application/json]
Saving to: ‘wp-json/wp/v2/product_cat/78’

     0K                                                        82.6M=0s

Last-modified header missing -- time-stamps turned off.
2026-09-06 16:37:31 (82.6 MB/s) - ‘wp-json/wp/v2/product_cat/78’ saved [866]

--2026-09-06 16:37:32--  https://jazdrm.com/wp-json/oembed/1.0/embed?url=https%3A%2F%2Fjazdrm.com%2Fproduct%2F%25d8%25a7%25d8%25b3%25d9%2585-%25d8%25a7%25d9%2584%25d9%2585%25d9%2586%25d8%25aa%25d8%25ac-%25d9%2586%25d8%25b3%25d8%25ae%25d8%25a9-18%2F
Reusing existing connection to jazdrm.com:443.
HTTP request sent, awaiting response... 200 OK
Length: unspecified [application/json]
Saving to: ‘wp-json/oembed/1.0/embed?url=https:%2F%2Fjazdrm.com%2Fproduct%2F%d8%a7%d8%b3%d9%85-%d8%a7%d9%84%d9%85%d9%86%d8%aa%d8%ac-%d9%86%d8%b3%d8%ae%d8%a9-18%2F’

     0K ..                                                      112M=0s

Last-modified header missing -- time-stamps turned off.
2026-09-06 16:37:33 (112 MB/s) - ‘wp-json/oembed/1.0/embed?url=https:%2F%2Fjazdrm.com%2Fproduct%2F%d8%a7%d8%b3%d9%85-%d8%a7%d9%84%d9%85%d9%86%d8%aa%d8%ac-%d9%86%d8%b3%d8%ae%d8%a9-18%2F’ saved [2587]

--2026-09-06 16:37:33--  https://jazdrm.com/wp-json/oembed/1.0/embed?url=https%3A%2F%2Fjazdrm.com%2Fproduct%2F%25d8%25a7%25d8%25b3%25d9%2585-%25d8%25a7%25d9%2584%25d9%2585%25d9%2586%25d8%25aa%25d8%25ac-%25d9%2586%25d8%25b3%25d8%25ae%25d8%25a9-18%2F&format=xml
Reusing existing connection to jazdrm.com:443.
HTTP request sent, awaiting response... 200 OK
Length: unspecified [text/xml]
Saving to: ‘wp-json/oembed/1.0/embed?url=https:%2F%2Fjazdrm.com%2Fproduct%2F%d8%a7%d8%b3%d9%85-%d8%a7%d9%84%d9%85%d9%86%d8%aa%d8%ac-%d9%86%d8%b3%d8%ae%d8%a9-18%2F&format=xml’

     0K ..                                                      149M=0s

Last-modified header missing -- time-stamps turned off.
2026-09-06 16:37:34 (149 MB/s) - ‘wp-json/oembed/1.0/embed?url=https:%2F%2Fjazdrm.com%2Fproduct%2F%d8%a7%d8%b3%d9%85-%d8%a7%d9%84%d9%85%d9%86%d8%aa%d8%ac-%d9%86%d8%b3%d8%ae%d8%a9-18%2F&format=xml’ saved [2807]

--2026-09-06 16:37:34--  https://jazdrm.com/wp-json/wp/v2/product/2753
Reusing existing connection to jazdrm.com:443.
HTTP request sent, awaiting response... 200 OK
Length: unspecified [application/json]
Saving to: ‘wp-json/wp/v2/product/2753’

     0K ..                                                      483M=0s

Last-modified header missing -- time-stamps turned off.
2026-09-06 16:37:35 (483 MB/s) - ‘wp-json/wp/v2/product/2753’ saved [2531]

--2026-09-06 16:37:36--  https://jazdrm.com/?p=2753
Reusing existing connection to jazdrm.com:443.
HTTP request sent, awaiting response... 301 Moved Permanently
Location: https://jazdrm.com/product/%d8%a7%d8%b3%d9%85-%d8%a7%d9%84%d9%85%d9%86%d8%aa%d8%ac-%d9%86%d8%b3%d8%ae%d8%a9-18/ [following]
--2026-09-06 16:37:36--  https://jazdrm.com/product/%d8%a7%d8%b3%d9%85-%d8%a7%d9%84%d9%85%d9%86%d8%aa%d8%ac-%d9%86%d8%b3%d8%ae%d8%a9-18/
Reusing existing connection to jazdrm.com:443.
HTTP request sent, awaiting response... 200 OK
Length: unspecified [text/html]
Saving to: ‘index.html?p=2753.html’

     0K .......... .......... .......... .......... .......... 9.91M
    50K .......... .......... .......... .......... .......... 3.00M
   100K .......... .......... .......... .......... ...        56.4M=0.02s

Last-modified header missing -- time-stamps turned off.
2026-09-06 16:37:37 (6.37 MB/s) - ‘index.html?p=2753.html’ saved [146571]

--2026-09-06 16:37:38--  https://jazdrm.com/wp-json/oembed/1.0/embed?url=https%3A%2F%2Fjazdrm.com%2Fproduct%2Fdahua-4mp-ptz-sd3a400-2%2F
Reusing existing connection to jazdrm.com:443.
HTTP request sent, awaiting response... 200 OK
Length: unspecified [application/json]
Saving to: ‘wp-json/oembed/1.0/embed?url=https:%2F%2Fjazdrm.com%2Fproduct%2Fdahua-4mp-ptz-sd3a400-2%2F’

     0K ..                                                     64.1M=0s

Last-modified header missing -- time-stamps turned off.
2026-09-06 16:37:39 (64.1 MB/s) - ‘wp-json/oembed/1.0/embed?url=https:%2F%2Fjazdrm.com%2Fproduct%2Fdahua-4mp-ptz-sd3a400-2%2F’ saved [2554]

--2026-09-06 16:37:39--  https://jazdrm.com/wp-json/oembed/1.0/embed?url=https%3A%2F%2Fjazdrm.com%2Fproduct%2Fdahua-4mp-ptz-sd3a400-2%2F&format=xml
Reusing existing connection to jazdrm.com:443.
HTTP request sent, awaiting response... 200 OK
Length: unspecified [text/xml]
Saving to: ‘wp-json/oembed/1.0/embed?url=https:%2F%2Fjazdrm.com%2Fproduct%2Fdahua-4mp-ptz-sd3a400-2%2F&format=xml’

     0K ..                                                      166M=0s

Last-modified header missing -- time-stamps turned off.
2026-09-06 16:37:40 (166 MB/s) - ‘wp-json/oembed/1.0/embed?url=https:%2F%2Fjazdrm.com%2Fproduct%2Fdahua-4mp-ptz-sd3a400-2%2F&format=xml’ saved [2777]

--2026-09-06 16:37:41--  https://jazdrm.com/wp-json/wp/v2/product/2362
Reusing existing connection to jazdrm.com:443.
HTTP request sent, awaiting response... 200 OK
Length: unspecified [application/json]
Saving to: ‘wp-json/wp/v2/product/2362’

     0K .......... .                                           21.2M=0.001s

Last-modified header missing -- time-stamps turned off.
2026-09-06 16:37:42 (21.2 MB/s) - ‘wp-json/wp/v2/product/2362’ saved [11962]

--2026-09-06 16:37:42--  https://jazdrm.com/?p=2362
Reusing existing connection to jazdrm.com:443.
HTTP request sent, awaiting response... 301 Moved Permanently
Location: https://jazdrm.com/product/dahua-4mp-ptz-sd3a400-2/ [following]
--2026-09-06 16:37:43--  https://jazdrm.com/product/dahua-4mp-ptz-sd3a400-2/
Reusing existing connection to jazdrm.com:443.
HTTP request sent, awaiting response... 200 OK
Length: unspecified [text/html]
Saving to: ‘index.html?p=2362.html’

     0K .......... .......... .......... .......... .......... 1.96M
    50K .......... .......... .......... .......... .......... 25.0M
   100K .......... .......... .                                30.8M=0.03s

Last-modified header missing -- time-stamps turned off.
2026-09-06 16:37:44 (4.31 MB/s) - ‘index.html?p=2362.html’ saved [124347]

--2026-09-06 16:37:44--  https://jazdrm.com/wp-json/oembed/1.0/embed?url=https%3A%2F%2Fjazdrm.com%2Fproduct%2F%25d8%25a7%25d8%25b3%25d9%2585-%25d8%25a7%25d9%2584%25d9%2585%25d9%2586%25d8%25aa%25d8%25ac-%25d9%2586%25d8%25b3%25d8%25ae%25d8%25a9-17%2F
Reusing existing connection to jazdrm.com:443.
HTTP request sent, awaiting response... 200 OK
Length: unspecified [application/json]
Saving to: ‘wp-json/oembed/1.0/embed?url=https:%2F%2Fjazdrm.com%2Fproduct%2F%d8%a7%d8%b3%d9%85-%d8%a7%d9%84%d9%85%d9%86%d8%aa%d8%ac-%d9%86%d8%b3%d8%ae%d8%a9-17%2F’

     0K ..                                                      206M=0s

Last-modified header missing -- time-stamps turned off.
2026-09-06 16:37:45 (206 MB/s) - ‘wp-json/oembed/1.0/embed?url=https:%2F%2Fjazdrm.com%2Fproduct%2F%d8%a7%d8%b3%d9%85-%d8%a7%d9%84%d9%85%d9%86%d8%aa%d8%ac-%d9%86%d8%b3%d8%ae%d8%a9-17%2F’ saved [2596]

--2026-09-06 16:37:46--  https://jazdrm.com/wp-json/oembed/1.0/embed?url=https%3A%2F%2Fjazdrm.com%2Fproduct%2F%25d8%25a7%25d8%25b3%25d9%2585-%25d8%25a7%25d9%2584%25d9%2585%25d9%2586%25d8%25aa%25d8%25ac-%25d9%2586%25d8%25b3%25d8%25ae%25d8%25a9-17%2F&format=xml
Reusing existing connection to jazdrm.com:443.
HTTP request sent, awaiting response... 200 OK
Length: unspecified [text/xml]
Saving to: ‘wp-json/oembed/1.0/embed?url=https:%2F%2Fjazdrm.com%2Fproduct%2F%d8%a7%d8%b3%d9%85-%d8%a7%d9%84%d9%85%d9%86%d8%aa%d8%ac-%d9%86%d8%b3%d8%ae%d8%a9-17%2F&format=xml’

     0K ..                                                      336M=0s

Last-modified header missing -- time-stamps turned off.
2026-09-06 16:37:47 (336 MB/s) - ‘wp-json/oembed/1.0/embed?url=https:%2F%2Fjazdrm.com%2Fproduct%2F%d8%a7%d8%b3%d9%85-%d8%a7%d9%84%d9%85%d9%86%d8%aa%d8%ac-%d9%86%d8%b3%d8%ae%d8%a9-17%2F&format=xml’ saved [2816]

--2026-09-06 16:37:47--  https://jazdrm.com/wp-json/wp/v2/product/2749
Reusing existing connection to jazdrm.com:443.
HTTP request sent, awaiting response... 200 OK
Length: unspecified [application/json]
Saving to: ‘wp-json/wp/v2/product/2749’

     0K ..                                                      345M=0s

Last-modified header missing -- time-stamps turned off.
2026-09-06 16:37:48 (345 MB/s) - ‘wp-json/wp/v2/product/2749’ saved [2532]

--2026-09-06 16:37:48--  https://jazdrm.com/?p=2749
Reusing existing connection to jazdrm.com:443.
HTTP request sent, awaiting response... 301 Moved Permanently
Location: https://jazdrm.com/product/%d8%a7%d8%b3%d9%85-%d8%a7%d9%84%d9%85%d9%86%d8%aa%d8%ac-%d9%86%d8%b3%d8%ae%d8%a9-17/ [following]
--2026-09-06 16:37:49--  https://jazdrm.com/product/%d8%a7%d8%b3%d9%85-%d8%a7%d9%84%d9%85%d9%86%d8%aa%d8%ac-%d9%86%d8%b3%d8%ae%d8%a9-17/
Reusing existing connection to jazdrm.com:443.
HTTP request sent, awaiting response... 200 OK
Length: unspecified [text/html]
Saving to: ‘index.html?p=2749.html’

     0K .......... .......... .......... .......... .......... 27.8M
    50K .......... .......... .......... .......... .......... 24.1M
   100K .......... .......... .......... .........             2.28M=0.02s

Last-modified header missing -- time-stamps turned off.
2026-09-06 16:37:50 (6.56 MB/s) - ‘index.html?p=2749.html’ saved [143061]

--2026-09-06 16:37:50--  https://jazdrm.com/%D8%A7%D9%84%D8%B9%D9%84%D8%A7%D9%85%D8%A9%20%D8%A7%D9%84%D8%AA%D8%AC%D8%A7%D8%B1%D9%8A%D8%A9/diplomat/
Reusing existing connection to jazdrm.com:443.
HTTP request sent, awaiting response... 200 OK
Length: unspecified [text/html]
Saving to: ‘العلامة التجارية/diplomat/index.html’

     0K .......... .......... .......... .......... .......... 13.3M
    50K .......... .......... .......... .......... .......... 9.69M
   100K ..........                                             24.6M=0.009s

Last-modified header missing -- time-stamps turned off.
2026-09-06 16:37:51 (11.9 MB/s) - ‘العلامة التجارية/diplomat/index.html’ saved [113598]

--2026-09-06 16:37:51--  https://jazdrm.com/wp-json/oembed/1.0/embed?url=https%3A%2F%2Fjazdrm.com%2Fproduct%2F%25d8%25a7%25d8%25b3%25d9%2585-%25d8%25a7%25d9%2584%25d9%2585%25d9%2586%25d8%25aa%25d8%25ac-%25d9%2586%25d8%25b3%25d8%25ae%25d8%25a9-13%2F
Reusing existing connection to jazdrm.com:443.
HTTP request sent, awaiting response... 200 OK
Length: unspecified [application/json]
Saving to: ‘wp-json/oembed/1.0/embed?url=https:%2F%2Fjazdrm.com%2Fproduct%2F%d8%a7%d8%b3%d9%85-%d8%a7%d9%84%d9%85%d9%86%d8%aa%d8%ac-%d9%86%d8%b3%d8%ae%d8%a9-13%2F’

     0K ..                                                      165M=0s

Last-modified header missing -- time-stamps turned off.
2026-09-06 16:37:52 (165 MB/s) - ‘wp-json/oembed/1.0/embed?url=https:%2F%2Fjazdrm.com%2Fproduct%2F%d8%a7%d8%b3%d9%85-%d8%a7%d9%84%d9%85%d9%86%d8%aa%d8%ac-%d9%86%d8%b3%d8%ae%d8%a9-13%2F’ saved [2595]

--2026-09-06 16:37:53--  https://jazdrm.com/wp-json/oembed/1.0/embed?url=https%3A%2F%2Fjazdrm.com%2Fproduct%2F%25d8%25a7%25d8%25b3%25d9%2585-%25d8%25a7%25d9%2584%25d9%2585%25d9%2586%25d8%25aa%25d8%25ac-%25d9%2586%25d8%25b3%25d8%25ae%25d8%25a9-13%2F&format=xml
Reusing existing connection to jazdrm.com:443.
HTTP request sent, awaiting response... 200 OK
Length: unspecified [text/xml]
Saving to: ‘wp-json/oembed/1.0/embed?url=https:%2F%2Fjazdrm.com%2Fproduct%2F%d8%a7%d8%b3%d9%85-%d8%a7%d9%84%d9%85%d9%86%d8%aa%d8%ac-%d9%86%d8%b3%d8%ae%d8%a9-13%2F&format=xml’

     0K ..                                                      149M=0s

Last-modified header missing -- time-stamps turned off.
2026-09-06 16:37:54 (149 MB/s) - ‘wp-json/oembed/1.0/embed?url=https:%2F%2Fjazdrm.com%2Fproduct%2F%d8%a7%d8%b3%d9%85-%d8%a7%d9%84%d9%85%d9%86%d8%aa%d8%ac-%d9%86%d8%b3%d8%ae%d8%a9-13%2F&format=xml’ saved [2815]

--2026-09-06 16:37:54--  https://jazdrm.com/wp-json/wp/v2/product/2744
Reusing existing connection to jazdrm.com:443.
HTTP request sent, awaiting response... 200 OK
Length: unspecified [application/json]
Saving to: ‘wp-json/wp/v2/product/2744’

     0K ..                                                     63.6M=0s

Last-modified header missing -- time-stamps turned off.
2026-09-06 16:37:55 (63.6 MB/s) - ‘wp-json/wp/v2/product/2744’ saved [2534]

--2026-09-06 16:37:55--  https://jazdrm.com/?p=2744
Reusing existing connection to jazdrm.com:443.
HTTP request sent, awaiting response... 301 Moved Permanently
Location: https://jazdrm.com/product/%d8%a7%d8%b3%d9%85-%d8%a7%d9%84%d9%85%d9%86%d8%aa%d8%ac-%d9%86%d8%b3%d8%ae%d8%a9-13/ [following]
--2026-09-06 16:37:57--  https://jazdrm.com/product/%d8%a7%d8%b3%d9%85-%d8%a7%d9%84%d9%85%d9%86%d8%aa%d8%ac-%d9%86%d8%b3%d8%ae%d8%a9-13/
Reusing existing connection to jazdrm.com:443.
HTTP request sent, awaiting response... 200 OK
Length: unspecified [text/html]
Saving to: ‘index.html?p=2744.html’

     0K .......... .......... .......... .......... .......... 2.58M
    50K .......... .......... .......... .......... .......... 10.8M
   100K .......... .......... .......... .......... .....      17.9M=0.03s

Last-modified header missing -- time-stamps turned off.
2026-09-06 16:37:57 (5.48 MB/s) - ‘index.html?p=2744.html’ saved [149245]

--2026-09-06 16:37:58--  https://jazdrm.com/wp-json/oembed/1.0/embed?url=https%3A%2F%2Fjazdrm.com%2Fproduct%2F%25d8%25a7%25d8%25b3%25d9%2585-%25d8%25a7%25d9%2584%25d9%2585%25d9%2586%25d8%25aa%25d8%25ac-%25d9%2586%25d8%25b3%25d8%25ae%25d8%25a9-16%2F
Reusing existing connection to jazdrm.com:443.
HTTP request sent, awaiting response... 200 OK
Length: unspecified [application/json]
Saving to: ‘wp-json/oembed/1.0/embed?url=https:%2F%2Fjazdrm.com%2Fproduct%2F%d8%a7%d8%b3%d9%85-%d8%a7%d9%84%d9%85%d9%86%d8%aa%d8%ac-%d9%86%d8%b3%d8%ae%d8%a9-16%2F’

     0K ..                                                      104M=0s

Last-modified header missing -- time-stamps turned off.
2026-09-06 16:37:59 (104 MB/s) - ‘wp-json/oembed/1.0/embed?url=https:%2F%2Fjazdrm.com%2Fproduct%2F%d8%a7%d8%b3%d9%85-%d8%a7%d9%84%d9%85%d9%86%d8%aa%d8%ac-%d9%86%d8%b3%d8%ae%d8%a9-16%2F’ saved [2623]

--2026-09-06 16:37:59--  https://jazdrm.com/wp-json/oembed/1.0/embed?url=https%3A%2F%2Fjazdrm.com%2Fproduct%2F%25d8%25a7%25d8%25b3%25d9%2585-%25d8%25a7%25d9%2584%25d9%2585%25d9%2586%25d8%25aa%25d8%25ac-%25d9%2586%25d8%25b3%25d8%25ae%25d8%25a9-16%2F&format=xml
Reusing existing connection to jazdrm.com:443.
HTTP request sent, awaiting response... 200 OK
Length: unspecified [text/xml]
Saving to: ‘wp-json/oembed/1.0/embed?url=https:%2F%2Fjazdrm.com%2Fproduct%2F%d8%a7%d8%b3%d9%85-%d8%a7%d9%84%d9%85%d9%86%d8%aa%d8%ac-%d9%86%d8%b3%d8%ae%d8%a9-16%2F&format=xml’

     0K ..                                                      339M=0s

Last-modified header missing -- time-stamps turned off.
2026-09-06 16:38:00 (339 MB/s) - ‘wp-json/oembed/1.0/embed?url=https:%2F%2Fjazdrm.com%2Fproduct%2F%d8%a7%d8%b3%d9%85-%d8%a7%d9%84%d9%85%d9%86%d8%aa%d8%ac-%d9%86%d8%b3%d8%ae%d8%a9-16%2F&format=xml’ saved [2843]

--2026-09-06 16:38:01--  https://jazdrm.com/wp-json/wp/v2/product/2748
Reusing existing connection to jazdrm.com:443.
HTTP request sent, awaiting response... 200 OK
Length: unspecified [application/json]
Saving to: ‘wp-json/wp/v2/product/2748’

     0K ..                                                      326M=0s

Last-modified header missing -- time-stamps turned off.
2026-09-06 16:38:02 (326 MB/s) - ‘wp-json/wp/v2/product/2748’ saved [2735]

--2026-09-06 16:38:02--  https://jazdrm.com/?p=2748
Reusing existing connection to jazdrm.com:443.
HTTP request sent, awaiting response... 301 Moved Permanently
Location: https://jazdrm.com/product/%d8%a7%d8%b3%d9%85-%d8%a7%d9%84%d9%85%d9%86%d8%aa%d8%ac-%d9%86%d8%b3%d8%ae%d8%a9-16/ [following]
--2026-09-06 16:38:03--  https://jazdrm.com/product/%d8%a7%d8%b3%d9%85-%d8%a7%d9%84%d9%85%d9%86%d8%aa%d8%ac-%d9%86%d8%b3%d8%ae%d8%a9-16/
Reusing existing connection to jazdrm.com:443.
HTTP request sent, awaiting response... 200 OK
Length: unspecified [text/html]
Saving to: ‘index.html?p=2748.html’

     0K .......... .......... .......... .......... .......... 2.99M
    50K .......... .......... .......... .......... .......... 24.3M
   100K .......... .......... .......... .......... .....      14.5M=0.02s

Last-modified header missing -- time-stamps turned off.
2026-09-06 16:38:04 (6.64 MB/s) - ‘index.html?p=2748.html’ saved [149382]

--2026-09-06 16:38:04--  https://jazdrm.com/wp-json/oembed/1.0/embed?url=https%3A%2F%2Fjazdrm.com%2Fproduct%2F%25d8%25a7%25d8%25b3%25d9%2585-%25d8%25a7%25d9%2584%25d9%2585%25d9%2586%25d8%25aa%25d8%25ac-%25d9%2586%25d8%25b3%25d8%25ae%25d8%25a9-2%2F
Reusing existing connection to jazdrm.com:443.
HTTP request sent, awaiting response... 200 OK
Length: unspecified [application/json]
Saving to: ‘wp-json/oembed/1.0/embed?url=https:%2F%2Fjazdrm.com%2Fproduct%2F%d8%a7%d8%b3%d9%85-%d8%a7%d9%84%d9%85%d9%86%d8%aa%d8%ac-%d9%86%d8%b3%d8%ae%d8%a9-2%2F’

     0K ..                                                     77.1M=0s

Last-modified header missing -- time-stamps turned off.
2026-09-06 16:38:05 (77.1 MB/s) - ‘wp-json/oembed/1.0/embed?url=https:%2F%2Fjazdrm.com%2Fproduct%2F%d8%a7%d8%b3%d9%85-%d8%a7%d9%84%d9%85%d9%86%d8%aa%d8%ac-%d9%86%d8%b3%d8%ae%d8%a9-2%2F’ saved [2587]

--2026-09-06 16:38:05--  https://jazdrm.com/wp-json/oembed/1.0/embed?url=https%3A%2F%2Fjazdrm.com%2Fproduct%2F%25d8%25a7%25d8%25b3%25d9%2585-%25d8%25a7%25d9%2584%25d9%2585%25d9%2586%25d8%25aa%25d8%25ac-%25d9%2586%25d8%25b3%25d8%25ae%25d8%25a9-2%2F&format=xml
Reusing existing connection to jazdrm.com:443.
HTTP request sent, awaiting response... 200 OK
Length: unspecified [text/xml]
Saving to: ‘wp-json/oembed/1.0/embed?url=https:%2F%2Fjazdrm.com%2Fproduct%2F%d8%a7%d8%b3%d9%85-%d8%a7%d9%84%d9%85%d9%86%d8%aa%d8%ac-%d9%86%d8%b3%d8%ae%d8%a9-2%2F&format=xml’

     0K ..                                                      382M=0s

Last-modified header missing -- time-stamps turned off.
2026-09-06 16:38:06 (382 MB/s) - ‘wp-json/oembed/1.0/embed?url=https:%2F%2Fjazdrm.com%2Fproduct%2F%d8%a7%d8%b3%d9%85-%d8%a7%d9%84%d9%85%d9%86%d8%aa%d8%ac-%d9%86%d8%b3%d8%ae%d8%a9-2%2F&format=xml’ saved [2807]

--2026-09-06 16:38:07--  https://jazdrm.com/wp-json/wp/v2/product/2730
Reusing existing connection to jazdrm.com:443.
HTTP request sent, awaiting response... 200 OK
Length: unspecified [application/json]
Saving to: ‘wp-json/wp/v2/product/2730’

     0K ..                                                      228M=0s

Last-modified header missing -- time-stamps turned off.
2026-09-06 16:38:08 (228 MB/s) - ‘wp-json/wp/v2/product/2730’ saved [2635]

--2026-09-06 16:38:08--  https://jazdrm.com/?p=2730
Reusing existing connection to jazdrm.com:443.
HTTP request sent, awaiting response... 301 Moved Permanently
Location: https://jazdrm.com/product/%d8%a7%d8%b3%d9%85-%d8%a7%d9%84%d9%85%d9%86%d8%aa%d8%ac-%d9%86%d8%b3%d8%ae%d8%a9-2/ [following]
--2026-09-06 16:38:09--  https://jazdrm.com/product/%d8%a7%d8%b3%d9%85-%d8%a7%d9%84%d9%85%d9%86%d8%aa%d8%ac-%d9%86%d8%b3%d8%ae%d8%a9-2/
Reusing existing connection to jazdrm.com:443.
HTTP request sent, awaiting response... 